seq_name,seq_aa
"gene_1222|GeneMark.hmm|220_aa|+|1300811|1301473	",MTTRTLNLDDNLYRYLLDVSLRETPLMTRLREETAKLPNARWQIAPEQGQFIALLLTLIGARRALEVGTFTGYSALCMATALGEQGRLTCCDLPGDYHLTARRYWREAAVEERIELRLGPALETLRALLDEGLAGQFDLAFIDADKANYPEYLEAALALVRQGGLVLFDNVLWSGRVLEAQPKSADTRGIQQLNLALKNDARVDYSLLPIGDGLSVCRKR
"gene_1223|GeneMark.hmm|304_aa|-|1301481|1302395	",MSLRLEDIQAFLNVVELGSISAAAERMSLSKSVISKRVSDLERHLGVRLLYRSTRNVEPTEAGGFFYKSAKASLQDLNNAAESVALRENDLCGELRVMAPMSFGTLWLGPLVMEFMARNPRLEVVLQLDDRIVDFEKEGYDLAIRITRLQDSSLIARQLGTSRRVVCCSPEYLERHGPLQRIEDILCHPCIGYSHNTPSQLWSFEPRVAGEPARMITPRGRFNTNNGQTMRDAAVRGLGLAMLPLFIAAEDLAAGRLVEALPQERPLDDLIYAMYSRAATLSPKVKLFVQFLQQALGSPPWGVR
"gene_1224|GeneMark.hmm|205_aa|+|1302696|1303313	",MSFTYKRLDKNDAAVLFVDHQAGLLSLVRDFSPDEFKNNVLALADIARFFNLPTILTTSFEDGPNGPLVPELKEMFPQAPYIARPGNINAWDNEDFVKAVKATGKKQLIIAGVVTDVCVAFPTLSALEEGFDVFVVTDASGTFNPVVRDAAWARMTAAGAQLMNWFSVGCELHRDWRNDIEGFGAILGGHLPAYANLIQSFGTKK
"gene_1225|GeneMark.hmm|135_aa|+|1303457|1303864	",MATQVVNASLGTTPYRVTLGDDSHQWLSDVPAALGGGDSGPSPHEILLSALGACTAITVAMYAQRKEWPLEGIDVQLNIVEERTKPEPFTHIRRDIRLAGDLDAEQRQRLLEIANACPIHRVLSGEVSVSSQLRD
"gene_1226|GeneMark.hmm|185_aa|+|1303892|1304449	",MSDDIKVLGISGSLRSGSYNSAALQEAIGLVPPGMSIELADISGIPLYNEDVYALGFPPAVERFREQIRAADALLFATPEYNYSMAGVLKNAIDWASRPPEQPFSGKPAAILGASAGRFGTARAQYHLRQTLVFLDVHPLNKPEVMISSAQNAFDAQGRLLDDKARELIQQQLQALQLWVRRLRG
"gene_1227|GeneMark.hmm|315_aa|+|1304476|1305423	",MSNTEERCDLSSSRDCPERHEHLLQRVTARAAEIGGGITVSRLMPSRQRRMIGAWCFLDHAGPAEFEPGGGLAVGPHPHIGLQTFTWMIQGEALHRDSLGNVQVIRPGQVNLMTAGHGIAHTEESLPDERHAHAAQLWIALPYEQRDIAPAFDHHPDLPRWQEQGVTFTLLAGALAGRQAPCRLYSPLLGADLACHDASTLQLTLDPHFEYGLLPLEGGLEVGGEHFAVNELAYLGDGRDGLQLQLDPGARVLLLGGAPFGAEIFMWWNFVGHSKGEIARAQKAWEEGDARFGRLDALEGPRLSAPPIPWKIDAE
"gene_1228|GeneMark.hmm|157_aa|+|1305583|1306056	",MQFEHLVQVNDRTLVDLPVLDRLQLWEGLVCRAREPQYFVVGLERFEILVDDGDRLHRRLYLPGLVVEDEVVLKAPDSAHYSIKPSAEVAGGSLDMTIEEPEPGSLFVRFAYCTRYLQPLGDELPYDAFVKQAYIAMDVETIATIRDRFGASAASGS
"gene_1229|GeneMark.hmm|613_aa|+|1306059|1307900	",VEHGSSFLQSGVVFLIAAVFMVPLAKRLQLGAVLGYLLAGVLIGPSVLGLVDNPESVAQISEMGVVLLLFIIGLELSPRRLWVMRKSVFGVGLLQVLLTGLVIGTVALVGFDQPVNSAVVLGLGLALSSTAFGLQILAERKELTQPHGRLAFAILLFQDIAAIPLIAMIPLLSGAHSDAGGSELTQTLKVVGSIAAVVVGGRYLLRPVFRIVAQTKLQDMSTATALLVVMGTALLMELAGVSMALGAFLAGLLLADSEYRHELEAQIEPFKGLLLGLFFISVGMSADISLLLKSPWMVLGLTVLLIALKAPVLYFVGRISGGLDKASALRLGVVLAAGGEFAFVVFKMARDQGLFQNDLHNLLVLSITLSMALTPLLVLGLARLLAKEPEATKPPPEMERIDNDDTPRVVIAGVGRMGQIVARVLRAQRVPFIALDTSVETIELTRTLGAIPIFYGDPMRPEILRAAQVEKAEFFVIATDDPETNIETAKRVRKLYPHLKIIARARNRQHVHLLLDAGVEPVRETFFSSLEMSRMVLCGLGLSEEQADARIRRFRRHDEEVLASQHLFYNDRDALIKSAREARVELETLFQTDQLEDRGAVAAETPEKPSRAS
"gene_1230|GeneMark.hmm|499_aa|+|1308067|1309566	",MPVEHLDVLIVGAGLSGVGAAYHLMKHCPGKSFALLEGRAAMGGTWDLFRYPGIRSDSDMFTLGYNFKPWSDPKAIADGPSIRRYIEETARENGIDRKIRYRHRVLRADWDSANARWNLDVQRGDEPEPLRMTAQFLLMCTGYYRYEAGYTPEFVGREDFAGQVVHPQLWPEDLDYSGKKVVVIGSGATAVTLVPSLTDKAAHVTMLQRSPSYVITLPQKDAISNFLRRFLPETWIYRQARARNVAMQMVFFMLARTFPGLVRKALLKLASLQLGKRFDIRHFSPRYKPWDERVCAVPDGDLFKVLRKGKASVVTEHIDRFVERGIRLKTGEVLEADIIVTATGLDLVMFGGAELAVDGKPFLVNQSMGYRGIMLRDLPNLAAVVGYTNASWTLKADLSSEYFCRLINHMDATGMRQVTARDSTGDVREEPFLNLDSGYIQRAAERMPKQGDRMPWKLYQNYVLDLALLRYGKVEDGYLVFSSPAPQRQAGGAAVQALG
"gene_1231|GeneMark.hmm|311_aa|-|1309583|1310518	",MRELQPLLENHGLLLLFLNVLCEQAGLPIPAYPALIVAGALAMQGVGAPLGVVLLVVVLACLLADVAWYLAGRRYGGFLLRSICKVSLSQDSCIRQSQNMYLRVGPRALLMSKFLPGASALSTTLAGMTRTHLRRFLAYDAAGSALWAGSALLLGVIFSDAVDHLLALLSDYAAIGALLIAGAFAAFIAWKLWQRQRLLSRSRRIPRISVEELENLREQGQLPVILDVRAHHEDEPSGIPGAIPVELNVSLKDLPGDLRDASIVIYCACPHELSAAMLAQRLNASGFTRTWALAGGLDAWRKAYGQVVANA
"gene_1232|GeneMark.hmm|232_aa|-|1310688|1311386	",MIERRPFDRLGHANHGWLNARHHFSFADYYDPEREDWGRLRVWNDDEIAAGSGFPPHPHRDMEIITYVREGAITHQDSLGNKGRTEAGDVQVMSAGTGIVHSEYNLEAETTRIFQIWIIPDRRGDQPRWGSKPFPKAERDGRFVTLASGDEQDSEALHIRADAEVAAVTLKAGQSAEYALENGRRAYLVPATGSIEVNGVRAEARDGLAVRDEPTLKVTALEDSEVLLVEVA
"gene_1233|GeneMark.hmm|211_aa|-|1311504|1312139	",MSGALLVSGFFLRRSAWSVEGAGWRSCDHLRDAPGCDLAHWLDQAAATLAGEERVILCGHSFGGYLAQCLAARLGERAAHLYLFSALVSEGGGALESYQDSGQDNLLGLCRLDPLGGRVRLEDRAGFLELLGAEVPTSASEPAQLLIDPPRQVRPACPVTYVVAAADRLSPPPLQRTFAHRLDARVREYPGGHLAVLADPRFLRALIESNN
"gene_1234|GeneMark.hmm|409_aa|-|1312136|1313365	",VSDNTFSVQRFRALPTEIHVMLVGTLLTRGAYFMVWPFLALLLWREFRLSASAIGLLLALATVCGALSGIYTGWLSDRFGRKRLIFFGTSLSGLSFVLLGFSGQPLSYGLAISGVSIGCALLESSCKALIGDRVEDRRSRELALYCRYFLINLGAALGPLIGLTLGVAAQAGTFLVTALVYFCYGLLLWRLLHHLELKRRSLAPRSSTGFLEACLSMGRHRAFTLLLLCNMLAALIYATFDSTLVQYLTRSGLPDVVNSIALLVTINALTIVVAQFPLLRLLENTGTGGRLMLGMLLMLLAQLGFAWTPVTLFAGLALATVVLSLGELIVFPTFSVEVDQLTPDDLRGSYFGAANLYSLGTALAPLYGGIMLDHAGSQALYLGLAALCGVIMLLQVGAVGLRQAERAGG
"gene_1235|GeneMark.hmm|319_aa|-|1313362|1314321	",MTTIHRRPAPWRGNAVFCASAAFAAGLETLFARLLERRPADSAEALLRQRLHHELEHGSGVLLHDSALLRGLAEDEFQRVFRAFCQWLGRTVAINRNGEYLKEVRDLGLRDARDAPQRGHLTSQELAFHSDRADLTVLACWSPARRGGAFRIRSSADVLATLEAANPAWLPLLGQPIPHDLRDEGDADYALVPLLTETPRTFVLRYIRKFNESVTRHGLSLAPQVRSMLDGLDEAIERADGYAELDFSKGMLVLVNNHTTLHARTEFSDDERQRRCLLRCWLSSEFTRELPESFLPLFHQVAAGSLRGGIRPLAQEPRP
"gene_1236|GeneMark.hmm|532_aa|-|1314318|1315916	",MCGILGYVGTGFSVSRFAGALRLLAHRGPFGEGIAALPNGAIGMTRLPMSGAAAVPLPPQEGQRRVAYNGEVYQAGCEIHGEIRLLLDGLQRGVLPDGMYALASWDPQTRQLTLLRDEFGIKPLYYSYQPERGLLAFASEPRALLHLLGGARADAEAIAQVVAAGVPLEGQTLFQQVRLLLPGEVLRFDLSQERPRLCQRQRLATAPASEVDSLDEQLGETLERCRQTFRPCALLVSGGVDSNLLGSYLDPQLQRFHLCLEGDEESLLPHPRLQRFELRQEAFMPLLRRAVGNFGGATRMSSLLMYQRLADGIGEQGYHCVLLGEGADELFWGYPRHLELWRRRDTPEPRRFAAAWFGEYRRKAALLAEPAGRRVAERIEELAHEALGQGLEAAIGQFDLHYSLEPLLRRADHLLMSRTIEARTPYLHGALAQRAGRLQRIVGDTAKAPLVALLEQREKRWQAQPKRHFRLPFERWPQALGEMRRHLAERLPALHDLGLEGLDAPSVAALPGDQLFTLTTLSLWQQEYGASL
"gene_1237|GeneMark.hmm|492_aa|-|1315916|1317394	",MSSLPVPVSLDSTLRHLGSADPRRPFLIDAREPERPLEYTWGDADRQVDALAEQIAAHACRSVGVLLDNSYRNLCLIYAVMRAGKHLVLIDPEWGEAAKQAIVDEMRLEALASEHPLEGALAGLRLALDFERSATRRLDRAAHSHMILFTSGTTGQPKGIELSQQAMLHAYRIGRDCLGIGEHTRSGCFYRISGLGILGINFLFPLLYGGSAVLLPLHCWADSEGFWECVERFGISFLYLVPPVVNHMVKEGSPPPRRLPLQRLLCVAGSARLDADLQAAFQRDYAALANIYGLSECGFAFLFGKRRGDAFDNSVGPAVGLELKLTDPDGRPLEGSGERGRLWVRTPSLFSGYVNRPDLTAQVLEDGWLNTQDLAYFDEDRCVHVLGRCDGTINKGGNLFHLNECERALNGLDEVIDVCCLKVDCPLYGEDYVAVIHTAPQVEFAFLPWLQQQLGTLRAPQRVVLSHQALPLNGAGKHDRRALAALLQREAS
"gene_1238|GeneMark.hmm|248_aa|-|1317404|1318150	",MKQFDKHADAYNVVRGKIAYPDSLYRNLAERAPAREAALDIGCGNGVSTVRLQPWFRYVEGSDLGEALIAKARENYPEIRFSVSPAETFAPQRRFDLVTSATSFYWMDRKQVLTRMADWLTPGGLFCAYKYDFPIAYGPLRDFIEHELVNKWAKHRDPRLTRYDDTLEIMGSCPHLRDCRREVFANIIFLSPEEVALFFLSTSYVTRYIEQEGGEDYADRFIAAVREIESAPQVAVNFDIHAFTALNR
"gene_1239|GeneMark.hmm|455_aa|-|1318147|1319514	",MIRVIDCTLREGCQARQCSFDSAQSVQLAREIAALGVDMIECGHPRISADERERVRAVVAAVSTPVLAHARARREDIDAVLETGAQWVGLFASINAISLETKFKGMNREEVLELFHDAIRYARERGLRVRATVEDAARTSVSDLVSMIATARDAGADRICFADSVGILLPDETFDVLSLLRHEFPDVVFEYHVHNDRGLALGNTLAAIQAGVQWHSASCNGIGERAGITDTFQLLTLLHTKFAADRFNLKNVLAVSELVEAHSRIKRSPMHPVVGENAFVHVARLHQLAMQENQDAYSAFDPELINGRVSLQRYTPMHRQSLFLTPFEKSASELKYHRHGPGKRFVMLDRRLLDGSPFYFIARQFHDVGDGGPGHVDSHVHNCDSVFLFLGSDEDYRGLEVEVLLGGQLRRLQSPASVFIPAGVEHSYRYLGGSGTYINFVHKGDYHESLLEITQ
"gene_1240|GeneMark.hmm|292_aa|-|1319511|1320389	",MKHYRQVVSPQLRQQALDWILAAAQRPDPALEPEFDIADDERREAKKVRNLHRHDPLFWDDWFARSGLDALVRDHLRKPRLLRHAAFIKRHADESYIPLHQDIALWEKRYESAQTFWVALTPSRNDNGGMFYYPDDRTIFPHEFDLAYPMFKCIDLQANGISREQLVDAELDAGDVLVWPARTAHGSHNNRSGQLRIGMPIVFVEDDEFHQLNREDSMKTWIASNLKSVFPDEAITEDNLDHYLPQLCDYSLKMVTFLARFSRQFGHAPKIHDFIREPRLATLSASDAGARR
"gene_1241|GeneMark.hmm|204_aa|-|1320386|1321000	",MLILLPDFIGHPSCFRGLLARLGATDCRLVDYHRLDAYASIEALASQVLDGLAEEPDWLIGYSFGGLVGYEMARQLPASRLLMIDSHLPWPALRRMPPSEQYQRWLSAEMREWIALMSELGELREEVLLRNVELFGRWQPRHRLARASWVRCRDDAGRDPAAERWCDLIERLDTFPCERPHHLALQDPAVIDFIVHTVSKESVQ
"gene_1242|GeneMark.hmm|420_aa|-|1320994|1322256	",MNVGLSAEVRYHWFREHLVVVGDWHRLSPSERDRLRHQPMPDEAAQSLRVDLSPWSCGMVFSELLGADLTRFGLCYLAPAEVPASDLTRLGRRLREEFPLLDSQVDSGAEGFELVVHGQPEESPALEVGPFADENALIAALLQRPHSLFERGLLRLFHGRCGGRARWGVWLHHLVADADFASVLLARLAVLNADPTTEAAAPEFGFLQQQWRLERQLRERRTRLEDYWSERGEAFRELASLPWAERASHCEDFRLAATPGGGEAALLTRLACALALALASQGATGKVLALTPVSLRSRRGTAVSGCWLNLVPLLLDAATAEDTFERHRLEAFEHSLLPAEAIAERAGLRYADAQVMINVIDQPFHSAGFIHRPTLKSRLPLTLTLVRRDDGGWDASLASRFGRERTLALAAAMAEALRPC
"gene_1243|GeneMark.hmm|502_aa|-|1322253|1323761	",LCRQVDCRLILDCSTTPTPANGLPCVPVRHLPAAPASVARPCFAADQIAYINFSSGTTGRPKAIACTHAGITRLCLGQSFLAFAPQMRFLVNSPLSFDAATLEIWGALLNGGCCVLNDLGPLDPGVLRQLIGERGADSAWLTASLFNTLVDLDPDCLGGLRQLLTGGDILSVPHVRRALLRHPRLHLVNGYGPTENTTFTCCHVVTDDDLEEDDIPIGKAIAGTAVLLLDEHGQEIAEPDRAGEIVAFGAGLAQGYRNDAARTRASFVELPYRGRLLRAYRTGDRARYDEQGRLRFIGRGDGQVKLNGYRLDLPALEQRFRRQPGILDCALLVRERNGVKQLLCAWTGKADASPQALLRQLPTWQRPHACVRVEALPLTAHGKLDRAALLRRLEEPLERCASALDPDQRGCAQLWSELLGCEVGAADQDFFLCGGNSLLALQLVALCQSAGAGANLGLADLQANSRLDQFSRLLRSHGLAPERLLERAATPEQPLVLSRSAA
"gene_1244|GeneMark.hmm|385_aa|-|1324793|1325950	",VKFPFHPWRRLLLCALPFAALLTACDDGKKEPPPKPAEVTTYNSVPWDALPATSDADLLAGFNAWRSACARLAKDPVWGEPCASATTVAADPTAVRAFLQERMQVYSLRSSSNGDQGLITGYYEPVYHGSLSQGEKTPVPVYGVPDDLVVVALESVYPELKGKRLRGRLEGRVLKPYDDAATIRDNGSSAPVLAWLGDPMDLQFLQIQGSGRIQLEDGRQLRIGYGDQNGHPYKPVGRWLVEQGLVPKEEISMKRIRDWAEANPQRVSELLASNPSFVFFSLRPDSDEGPRGSLNVPLTDGYSVAIDRKVIPLGSLMWLSTTRPDDGSAVVRPVAAQDTGGAIVGEVRADLFWGTGDAAGELAGHMKQPGRLWLLWPKGAPLPAS
"gene_1245|GeneMark.hmm|297_aa|-|1326046|1326939	",MINLRRLDLNLLVTLDVLLTEHNVTRAAERLNFSQPSVSVHLAKLRAIFDDPLLLPGPRGMRPTARAEELREPLRLALEALEQAVAPAAPFDPTQSRHTWRVAATDYAESAILLPILASLRRQAPGSRLAVLELAPTRIVRQAERGEIDLAFHTLEEAPPGLRCRRLFSERYVLAGRAGHPGLRRRPTLKQFCRLEQAIVSPDGGGFLGPTDQALAELGAERRVALSVPHFLFLRAVLESTDLVALLPSRLVRERDRLRVVEAPLEVSGYDLAMLWHERSHRDPAHRWLRELIAASV
"gene_1246|GeneMark.hmm|259_aa|+|1327024|1327803	",MNVLIVYAHPEPRSLNGALKDFAVARLEAAGHAVQVSDLYAMGWKAVLDAGDSLEREASERFDPSATSLRAFENGWQSVDIAGEQDKLRWADTLILQFPLWWFSMPAILKGWIDRVYACGFAYGVGEHSDSHWGDRYGEGRMQGKRAMLVVTAGGWESHYAARGINGPMDDLLFPIHHGILHYPGFEVLPPFVVYRSGRIDAERFAALSEQLGRRLDDLQRAAPIPFRRQNGGDYLIPALTLRDELAPQRAGFAMHLAE
"gene_1247|GeneMark.hmm|208_aa|-|1327813|1328439	",MHALIVVAHHHPRSLTHALAARIAEGVVRAGHSAETADLAAEGFEPRFGLADHAVHRGQASPPADVLAEQARIDRADTLVLVYPIYWWSMPALLKGWIDRVFSNGWAFDYSIGGDLRKKLQRLRVVLVGVGGADAGTFERHGYAGAMRTQIDHGIFDYCGARVVRSELLLESESADPIRHLDQALHIGSQLFAARGAQGAAQAQPLEA
"gene_1248|GeneMark.hmm|200_aa|+|1328551|1329153	",MHSPDDPSPRRRLSRDERQRQLLEVAWRLVREEGTEALTLGRLAEQAGVTKPVVYDHFGTRAGLLAALYQDYDLRQTALMEAALEASEATLEGRADVIARAYVDCVMQQGREIPGVVAALASSPELERIKRDYEVLFMDKCRAVLEPFAGGGRLTVAALRAMIGAAEALSHAAATEEIAPEEARRELYEAIVAMVARSRR
"gene_1249|GeneMark.hmm|296_aa|+|1329150|1330040	",VKEPRALEEYRRAIVAACPELVDATFAILASGWHSTAVEVGGRWVFKFPRGAEAEAALLREAAVLRLVRPAVSLPVPAPQVFAGPPLFSRHEKLPGGYLLGEDYRRLDEPARQAVGDALGRFYAELHRLPPARMRAVGALPVRPWESPAAMRRRALPLLPAAWRERAERLVREYAKLPADPLGSIFGFFDGHGWNMAFDSEAGRLNGVYDFADAGIGPLHQEFIYSAFIDADLTERIVAAYERFSGRRLERRRIALLTAAHRLSELAELADEPRHLPDMLAGALDGLALAEAQGLA
"gene_1250|GeneMark.hmm|116_aa|-|1330117|1330467	",MVTHFLSESGQAACGRGDSNVNGSSDVGQVSCKTCRRTNAFAQAQENAAPASAPVTPTAAAPVIDKAAPRPKAEARLAAAQRQDRDAARKAWQARLNELSGKNRMPRSRRRAQAYL
"gene_1251|GeneMark.hmm|268_aa|-|1330577|1331383	",VSREPQTYLAQRFDPDALGQPALALQLEARHNDTEVPVHRHRKGQLVVACRGGITCTVPDGLWMVPAGFGVWIPGGIAHSNRVTANGKVCFLFVEPGAARLPSDCCTLALSPLVLELILHLSAQPQDYPHDGPLARLAGVLLELLEQAPTEQLYLPLPDNRGLRRIADELTRAPGDRASMAEWARRVAMSERSLARMVRRETGMTFGQWRQQLQIIIALQQLSAGVSVQRTAEILGYESVSSFIGMFRKALGSPPARYVRDSMRRPAD
"gene_1252|GeneMark.hmm|62_aa|+|1331526|1331714	",MLSEVSVSGLYVPPLFLYLCLAMPLYLLLERLAWRWLECAWHPGLLRFFLSFIVLSVLVLKF
"gene_1253|GeneMark.hmm|302_aa|+|1331727|1332635	",MSIVRLSKVAATFACGLLALCLALQLWQAYVLAPWTRDGRVSAQVIRIAPEVSGSVEAVFVADNQRVARGDPLYRIDPRSYRLAVRQREAELEQARETLRQRDEQWRRRMQLAGAVSREEVANAGRALRIARARAEAAGAALDQARLDLRRSELRSPVDGYVTQLRVQPGDYAAAGRTNIFIVDRRSFWVTGYFEETKLRNVQVGAPATIKLMGFDPLLDGHVASIGRGVADLNESRADSGLPQVSPNFSWIRLAQRVPVRIELDRVPAGVVLAAGMTGSVEVLQAGTARHWRLTRWLQEYL
"gene_1254|GeneMark.hmm|679_aa|+|1332635|1334674	",MAASASGGRDWYAALPLPWRTDSLGYVLRSIGAAALALGLGLYLQLDSPFSAASTVLLLINPVQGAVVGKGWWRAVGTLVGTLAAFVLTALFAQKMLLFVVALGFWLGLCVGVMSLVRHFYATAAVVAGYTVCLALGPAMVEPEAAFEHIVTRASAVIVGVCCLSLVTVLFSRRTVSGRVRQRLVSLCAATLALVAARHAGAADGELERRRRTLAGEVYAVDDLLGVGRAESRVLSAALPAIRGGLAALFSTLMEFRFAGETHWARCLAERGLALPMADDLRLLGGQLERGELDFAGAARRLASLRGRLAAIRRGLPTDQADACREGLFMERLDEQLDDLQAALRGFARLDGRAPADVRPAAFHRHYREALRNGARAWLAMLVGGALWFLSGWDQGPTLLAVLGPYCTLLAASPFPAEGTRNFIRGTLYAIPAALLCKFLLLPLINGFPLLLLCLAFFWSFGIQATTVPRRALQGIAYLIAFNTLVATGNLARFDFGDFANQSCAWVLALCISLLVYRLLPKDLERHSASLLDHLRRETLALLRRRAGFDAHAWQARQQHRIAQLGALHGMEHPRSALALRLGFVSLQLGRESRRLWRALAGLDPAAAEARWIERALRAIAVRHRDPPLAARHARRAGARLAAAGEWRLAAILTDLAWLLRAYSQSVSSDGAQHGEKTS
"gene_1255|GeneMark.hmm|85_aa|+|1334671|1334928	",MKTSFLLALLLSCWSQVQAADDDGKELPPIERYDYGMPLDIERVLSVTPVPATCGVVPLVMLYRDSAGRLHRLQYRGLGAGCSRH
"gene_1256|GeneMark.hmm|167_aa|-|1334950|1335453	",MASYAELFDIGEDFAAFVGHGLATEQGAVARFRQKLESNGLPSALTERLQRIERRYRLLVAGEMWCPDCQINLAALDFAQRLQPNIELAIISKGRAEDDLRQRLALERIAIPLVLVLDEEFNLLGRFVERPQAVLDGGPQALAAYKAGDYLEHAIGDVLAIIEGAAR
"gene_1257|GeneMark.hmm|260_aa|+|1335645|1336427	",MLIDLPSTRPVFAYAQDYLHGERVELHRHSRAQLIHALSGVVTVGTAEGTWVVPPGRGVWLPAGIEHALRFAGQVRMRTLFIAPQARHDLPRDCRVVDVPPLLRQLIVAAMRIAPDYPPGGRDERVMELILDELRVLPILALHVPQPVDPRLAALCRSLRAEPAADWSLGDAARRLGVSPRTLTRAFQRETGLSFVQWLRRMRLLASLDALAAGHSILEVALDLGYDSQSAFSAMFRRTLGVSPSLYFGRGAAYGVAEGD
"gene_1258|GeneMark.hmm|503_aa|-|1336430|1337941	",MSADDKVSLRAWVAVTGGLFGCFMAGMNVHVTSAALPEIEGALGATFEEGSWISTAYLVAEISMIPLTAWLVEVFSLRRVMLLGSLVFLLSSLSCALAPNLSTLILIRVIQGASGAVLIPLSMQLILTELPSSRIPLGMALFSLSNSVAQAAGPSIGGWLADAYSWRWIFLLQLLPGIALLAAVAWSIRPRDGDRERLRQADWLGIGAMVAGLGALQIVLEEGGRRDWFESGFIRTFAVLAVLALLLFVQRQLWGARPFINLRLLGSYNFGVSSLAMAVFGAATFGLVFLVPNYLSQLQGFNARQIGDSLILYGLVQLLLAPLLPRLMRWLNPKLLVAGGFAIMALGCWMGAHLNADAGRNVIIPSIVVRGIGQPLIMVALSVLAVKGLDKAQAGSASALISMLRNLGGAIGTALLTQLVSLRERFHSERIGETLTIFDGALQQRLGGGQVRIQLPEQQQALALLDHGVRQQAYLMAYSDAFYLSCVALLACALASLMLRQKD
"gene_1259|GeneMark.hmm|383_aa|-|1337931|1339082	",MNQAIREPIEHTTGETMPAATRRRRTWLLGGLAGAIALAALLAWWWSSGRFLEGTDDAYVRADWVAVSAQVSGYVAEVLVADDADVQAGDLLLRLDPRDFRQRLRAAEAREAAAQAALEAQRAKLETLDRQLLEQAQTISRARADGEAARAEWRRAETDWRRYRQLADEHATSRQRLENADAAHQRARAAARRASAEEGRQRAAKDVLKSRRREAEAALAQRQAELQEAAAARELARHALDDTEIRAPFAGRVGQRKVRLRQYVTPGLPLLAVVPLEQAYVVANYKETQLERIRPGQPVELEVDTFGRRWRGRVDSVAPASGAVFALLPPDNATGNFTKIVQRFPVRIRLDADAAERGRLLPGMSVIATVDTREPDGASADER
"gene_1260|GeneMark.hmm|482_aa|-|1339079|1340527	",MPLASHLRCVALALGISTALGCANRNQPAPRAESLDPGLSRVAGTRGDALPAQWWTLYQDPGLNHLVAAALRHNRDLAAADAHARALLGHLRGAQGERWPRTEVGYGYQYGRDGDDQTLAEATDEDLHSQWKHTVRLDLSYQLDLWGEVRARIAAAKADAEAAQAARDLLRVSVASQTTLAYVRACALARRAEVQRRSVGLLDASLALSERQLAAGLSSELQRRRLLALRERTRAALPMLEARRRAALYELALLSGRSPRQLDAPAATCAGIPQLRRALPTGDGWSLLARRPDVRAAERRLAAADARRALAEAELYPRISFAVGAETSAATLAGLGGSGALAYAAGPLLSWRFPNRESARGRLDSAAAERDAALARFDGAVLGALREVERALALYAGERQRRADLQRALDEQRHAYRLARSNYRAGALDALELLDSQRSLVADRARLVDAEMRVAERQVELFRALGGGWQAASSPSHQENGQ
"gene_1261|GeneMark.hmm|33_aa|-|1340636|1340737	",VNRYSRQIARISLLAIPAGLLALGCGPYLMRQR
"gene_1262|GeneMark.hmm|281_aa|-|1340910|1341755	",MERLALPATDGYPLSAYRYHAPGHAHGNLLVAGATGVAQRFYRRFAEHAARQGFDVLTLDYRGIGESAPASLKGFAMSYLDWAYRDLAAAVELLGREERPLYWIGHSFGGHAIGLLPDHGRLAACYSFGSGAGWSGWMSRREALKVRLLWTLVLPPLVAWKGYMAWSLLGMGDDLPLGVYRDWKRWCRHPRYYFDDPAMRHLHQRYAAVRTPCLFATALDDPWAPPRSRDAFVEAYRNAPLETLDLRPDGGPLGHMGYFRAGAEALWDDALRWLRRHPENA
"gene_1263|GeneMark.hmm|265_aa|-|1341851|1342648	",MSEANSGPGRVTREQRGHLFLIGLDRAGKRNAFDSAMLADLALAMGEYERSEESRCAVLFAHGEHFTAGLDLMELAPKLAASGFRYPDGGVDPWGVVQPRRSKPLVVAVQGTCWTAGIELMLNADIAVAARGTRFAHLEVLRGIPPLGGSTVRFPRAAGWTDAMRYILTGDEFDADEALRMRLLTEVVEPGEELARALEYAERIARAAPLAVRAALQSAFQGRDEGDDAALSRVNESLAALIGSEDVREGVLAMVQKRAPAFKGR
"gene_1264|GeneMark.hmm|186_aa|+|1342813|1343373	",VRPLKISRDELLQRCAGTFRRYGYHGTTMEMLSSACGLTKASFYHHYPNKEALLRDVLEWTHQRLAETLFSIAYDPLLTPRERLEKLGRKAARLFQDDSIGCLMGVVAVDASYGRSELMAPIRSFLDDWAQAFAQLYRPAFDEAQALERGRQLVADFEGAILLARIYGEPGYIDGVTRRALEQLAG
"gene_1265|GeneMark.hmm|590_aa|+|1343453|1345225	",MPLRRAVFAILFASLGSPLVAAETPLRLERLERCGDLLASERQEWCLRVRGLGAGLPRLLLDGRELPATALRREGDGLRLRLDRRGHASGPLWLEQGGRSSNPVWLTLNGSHVLAAGPDEVAKNMDGLTTYVDLVSLLIEENHDGRREAERLADKYGARVVGAIPPLNLYQLRLPARDLVQRDALVLRIGSETSVDAVVVEESAPEKGEETEAARRPVDKPDSDSDEWAANRFMDAVNYYQRRVRARQAPLETRPVRIGVIERDVDFDAPDFADYLGPCKAPAPRTCLYARDAERPDNHGSTVAGILAARWDQGGNSGFLRGLDRASQGFEVIVERNSDAGITANVAASVNLVEDGVRVLNWSWGIHRVGARDVDGDEVDSLVRSGIAMSGYEELLEEFFLWLRKEHPDVLVVNSAGNGSSYSGTDEYRLPSSFVTEQLLVVGGHQRSERQGLAVDDPAYAVKRSTSNVDMRVDVTAAACTHASTLERDARGEVHCGTSYATPMVAGTVAAMLSLNPRLRPEEIRMLLRRSAMTIGGDYDFEPADAEDLTAPILPSERGYRLDHRDVGRSARLDMQKALDLAVKSRERVR
"gene_1266|GeneMark.hmm|858_aa|-|1345248|1347824	",MAQPFTIEPDPNPLDHPPAFLANGGAVGKLLLSLDAASSPLGPPDAWSASLKTTMATLLPAKAQIVLFWGAEFVALYNDAYAPSIGDKHPRALGRPAIENWRELWDDLEPLLRGVYETGETFAAKDRPFYIERHGRGETVYFDVSYSAVRETDGSVGGVLCIVTETTERVRFERRQAFLLELGQTLPSLADPLEIEATALRRLGEELGASRIFFGEDNGDGMTFQVHRDYLHDGRSAVGRHRYLSFGATLSGELHAGRSVAREDLAGERGMSLDEAASRARLGLGATLHVPVLRHGRLEALLAIHFAHPQALGEDPRRLAEEAAKLAWTSLTHARAELALRTSSAQLAAMFDQASAGIAVCDRNWRFTRVNDRYCEIAGRSRETLLGLRMQDILAPADFALPAAPGGATGAAFEMSGRYVRPDGDTVWVQNQVTPLVDEQHAASGLLCVCMDISARVRAENELRELNESLEERVATMLAQRESALAQLHEARKMEMVGQLTGGIAHDFNNLLTPIMASLELIRRRLDDARSTDLIDGALQSAERARNLVGRLLTFARRQTLKPQAVALRELVEGMHDLIERSLDPTIEVRIEIPERLPAVVVDPHQFELAILNLAVNARDAMGEGGRLEIGARTDLVIDGAVDGLGAGRYVCLEVADNGGGMPAEVLARCMEPFFSTKGVGKGTGLGLSMVQGLVAQSGGGLGIHSEIGKGTRVSIWLPITAEQTQSTAESCPDAPEASRPTHVLLVDDDRMVRYTTALLLGDLGYQVSEAASAEEALGEVERGLAPDLLVTDHLMADKTGVQLAEELRQRFPQLPVLVITGYANLRPEQLNGFEVLTKPFRHNELAERLARLLEASP
"gene_1267|GeneMark.hmm|104_aa|-|1348060|1348374	",MTKDEKEKTHVDAIIERYKDLMVEIPPADRQPGLSLLWPVPAQPAIDKGVRQAENWLADQIEGQLWTAFAFGRDSLPTPMQKTAFEVAFLTRLQQRLVAARRSG
"gene_1268|GeneMark.hmm|414_aa|+|1349416|1350660	",MGLFNAAANLFGQVYERATQVAATAVTAVADVARTLVGSTVDAVEQQVHEALTSVHDAVASVEQALEGTVGAVAGTLGEIAGDALDTVGSAVGTLGGLAGNSLAIADDLLHGRVEPEDYLKLVGDLGQGVGATVGHAWEFGSDSLKAANDLYHAAYQGGSLSLGNSDGLLGVNVIGSLLGGNHDQGVIPDSRGILGPLPINVSFTEQGLTFGGETPLTPLVTAALALNPITAPLVPVLAPLNLGGLGVVGSVDKEGFSAKFYGIAGPSYNLGVANLGGTLELGSYNEVKLLSWNEVTLKDLPIVGGILGYVPVVKDIGVSLPTLDLHFDSKLYAQTIAGVDVAGVGPKGQIELVHDLDNDLSIVAGIAGDTAHSALDGAGKVLAALLGHGGEAAPPTIQLIGADPAPEHQALAA
"gene_1269|GeneMark.hmm|593_aa|+|1350747|1352528	",MARLGSSVTNEIKQALAASRGALRSVAAFSGVINLLMLVPSLYMLQVYDRVLSSANEVTLLMLTLMALGVFVFMGALEALRSFVLVRVSERFDGQLHGRIYAAAFERNLRAGGQEASQALHDLTTLRQFITGQALFAFFDAPWFPVYLLVIFLFDPWLGLLSLVGALALMALAWFNERATRAPLAKAGELSIKSGQLASNNLRNAEVIEAMGMLGSMRGRWERLHQAFLDQQSLASERAARINALSKYLRIALQSLVLGLGAWLAVEGRITPGMMIAGSILMGRALGPIDQLIGVWKQWGAARDAYRRLSGLLDEFPARERRMELPEPRGHLLLESLDAAPPGSEARTLRGLTLAIPAGSVVGVIGPSGSGKSSLARVVLGIWPTLHGSVRLDGAEIRQYERETLGPRIGYLPQDIELFAGTVAENIARFGEVQADKVVEAARLAGVHELVLRLPQGYDTVLGVGGAGLSGGQRQRIALARALYGAPTLVVLDEPNSNLDDSGEQALLAAIQALKARGCTVLLITHRAGVLGCADRLLALNAGQLHLYGERDQVLAALNNQRAASASQQRADYRVAGYGAPQVVAAPRQGGVE
"gene_1270|GeneMark.hmm|432_aa|+|1352525|1353823	",MTRTVKRDENAYARLGWLLVLFGFGGALLWAAFAPLDQGVAVPATVIISGQRKSVQHPLGGVVKHILVRDGQHVEAGEPLIRMEPTQARANVDSLLNRYANARLNQARLQAEYDGRRTLEMPAGLAEQAPLPTLGERLELQRQLLHSRQTALANELSALRANIEGLRAQLEGLRQTEGNQRLQQRLLNSQLSGARDLAEEGYMPRNQLLEQERQLAEVNARLSESSGRFGQIRQSIAEAQMRIAQREEEYRKEVNGQLAETQVNARTLWEELSSARYELRHAEIRAPVSGYVAGLKVFTDGGVIGPGELLMYIVPNSDSLEVEGQLAVNLVDRIHSGLPVEMLFTAFNQSKTPRVTGEVTMVSADRLLDEQNKQPYYALRAQVDAAAMGKLKGLQIRPGMAVQVFVRTGERSLLNYLFKPLFDRAHVALAEN
"gene_1271|GeneMark.hmm|481_aa|+|1353827|1355272	",MTMRRLMTWLFGAFLLLLREDAFALGLLDGYHLALENDPQFQAAIQEHEAGRQYRALGRAALLPRLVYSYNRGRSWSDVTQTTTRGDFKEDRDYDSYVSTLSLQQPLFDYEAFSRYRKGVAQALLSDERFRSQSQELLVRVLEAYTGALLAQDQIELARAQKRSYREQFQLNQRQFERGNGTRTDTLETQARFNLAQAQEIEARDSQDAALRELERLVGAPLEIADLAPLGERFQVRPLSPASYTAWRDLALAENPELASLRHAVDVARYEVEQNRADFLPRLGLYASTGKSKSGSENTYNQRYETDSVGIQLSVPLFSGGETLAATRQATHRMEKSHYDLDDKVRETLNQVRKMYNQSSSSAAKIRAYEMTVDSARTLVMATRKSIAAGVRVNLDLLNAEQALYSAMNELSKAKYDYLTAWARLRFYAGVLDEADLELVAANFVSGETPARRRDCATTDCPAPLHTLSKTDTEENRSALN
"gene_1272|GeneMark.hmm|472_aa|+|1355652|1357070	",LKGRSDAYTQVDNFLHAYARGGDELVNGHPSYTVDQAAEQILREQASWQKAPGDSVLTLSYSFLTKPNDFFNTPWKYVSDIYSLGKFSAFSAQQQAQAKLSLQSWSDVTNIHFVDAGQGDQGDLTFGNFSSSVGGAAFAFLPDVPDALKGQSWYLINSSYSANVNPANGNYGRQTLTHEIGHTLGLSHPGDYNAGEGDPTYADATYAEDTRAYSVMSYWEEQNTGQDFKGAYSSAPLLDDIAAIQKLYGANLTTRTGDTVYGFNSNTERDFYSATSSSSKLVFSVWDAGGNDTLDFSGFSQNQKINLNEKALSDVGGLKGNVSIAAGVTVENAIGGSGSDLLIGNDVANVLKGGAGNDILYGGLGADQLWGGAGADTFVYGDIAESSAAAPDTLRDFVSGQDKIDLSGLDAFVNGGLVLQYVDAFAGKAGQAILSYDAASKAGSLAIDFSGDAHADFAINLIGQATQADIVV
"gene_1273|GeneMark.hmm|108_aa|+|1357386|1357712	",MASSLILLSASDLAGQWTLQQDEAPAICHLELRDSEVAEASGYDLGGDTACLTRWLPSEPRAWRPTPAGIALLERGGLTLMLLGRQGEGDYRVQKGDGGQLVLRRATP
"gene_1274|GeneMark.hmm|541_aa|-|1357725|1359350	",MLLRRIAITPRAVIGFAILASLLVALGLFAHNRMGSLNRAAKDIGEVWLPSVEASAQLSGLMSELRLGEMNHVLLHDATRMRQQEQRMDEVIATLARVEREYRPLLVLDEERALLDQFVQRQQEYLEGHAALLALSRDNRTDEASVLMGGAQLQRYEQVQRTLKQLIALDREAARASTAEAADVYSRASTAILAVLLVALAASVTIAWLLTRSIVVPIRQAVSCADRIAARDLTGEIASDGDDEPAQLMKAMRSMQASLHDTIEQIGDSAALLAAAAEQLNAVTEEGNRSLARQNDEIEMAATAVNEMSAAVEEVARNASSTAEASSLSERAAGNGRARVGQTVRSIRQMNAEIGQTARLVEGLASQAQDIGKVLDVIRAIAEQTNLLALNAAIEAARAGEQGRGFAVVAEEVRALAHRTQQSTHEIEGMIASVREGTDTAVSAMRENDQRARQMLDEAEAADHALGEIAEHATRINERTLVIASAAEEQAHVAREVDHNLVNIRDVAVQTTQGAEQTRGASHELSRLANDLKGMIGRFVV
"gene_1275|GeneMark.hmm|331_aa|+|1359599|1360594	",MTLDEVRELAVRILRRHAFSEAHVQAVADTLVAGERDECASHGIWRLLGCIATLKAGKVSADAEPELHDIAPGLLRVDAHGGFSQCAFRLGLPHLLEKARSQGIAAMAVNRCVHFSALWVEVEALTEAGLVALATTPSHAWVAPAGGRKPIFGTNPIAFGWPRPDGPPFVFDFATSAVARGEIQLHERAGKPIPLGWGVDEQGEPTTDASAALRGAMLTFGGHKGSALAAMVELLAGPLIGDLTSAESLAYDEGSRSSPYGGELLIAIDPRRMLGASAEEHLARAETLFEGIVEQGARLPSQRRFEARERSARDGVTIPEALHRELLALLE
"gene_1276|GeneMark.hmm|526_aa|-|1360698|1362278	",MPSILGHNYVGGARSAAGNLTLRSLDADSGEALPYAFVQATEAEVDAAARAAERAYPHYRQLSATRRAGFLEAIASRLDALGDDFVALVRRETALPAARIEGERTRTANQLRLFAEVLRRGDFHGVRIDRGQPGRTPPRPDLRQWRIGLGPVAVFGASNFPLAFSTAGGDSAAALAAGCPVVVKAHGGHMATAECVADAILQAAADSGMPDGVFNMVYGSGVGEALVRHPAIRAVGFTGSLKGGRALCDLAAARPQPIPVFAEMSSINPLVVLPEALRRRGRQVAEELAASVTLGCGQFCTKPGLVLGLRSPGFDAFVAALGEALAARPAQSMLNAGTLRSYVEGLQRLERHPGIRRLAGAPQEGRQAHPQLFKADVGLLLEGDELLQEEVFGPATVVVEAADEEQLARALDNLHGQLSATLIGEADDLAAFAGLVPLLERKAGRLLFNGYPTGVEVCDAMVHGGPYPATSDARGTSVGTLAIERFLRPLCYQDYPDSLLPDALKNANPLGLLRLVDGRSTREALD
"gene_1277|GeneMark.hmm|305_aa|-|1362371|1363288	",MSKHVNWSGVFPAVTTQFNADFSVNLEETHTVISNLVRDGVSGLVVCGSVGENTSLTIEEKMAVTEVAKDASGGRVPVICGIAEFTSAGAAKVAKAVERVGVDGIMVMPALVYSSKPHETAEHFRSVASGTDLPVMVYNNPPIYRNDVTPDILVSLADCENIVCFKDSSGDTRRFIDVRNQVGERFILFAGLDDVVLESVAVGAQGWISGMSNVFPKEGETIFRLARAGRFAEAMPIYEWLMPILHLDARPDLVQCIKLCEQLAGRGSALTRPPRLALRGADREHVERIMAKALASRPALPDVGL
"gene_1278|GeneMark.hmm|344_aa|-|1363439|1364473	",MRSQRIVHIVSCHAEGEVGDVIVGGVAAPPGATLWEQSRWIARDQDLRNFVLNEPRGGVFRHANLLVPAKDPRAQMGWIIMEPADTPPMSGSNSLCVATVLLDSGILPMREPLTRLLLEAPGGLIEARAECRDGKAERVEIRNVPSFADRLDAWIEVEGLGSLQVDTAYGGDSFVIADARRLGFALRADEAAELVATGLKITHAANEQLGFRHPTNPDWDHLSFCQLAAPPERRDGVLGANNAVVIRPGKIDRSPCGTGCSARMAVLQAKGQLRVGERFVGRSIIGSEFHCHIESLTELGGRPAILPCLSGRAWITGIHQYLLDPDDPWPQGYRLSDTWPGGHC
"gene_1279|GeneMark.hmm|240_aa|-|1364499|1365221	",MIEINDVHKAYGQFEVVKGVDLRVDKGEVLSIIGGSGSGKSTLLMCINGLEPIQRGSIRVDGIDVHARGTDLNRLRRKIGIVFQQWNAFPHLTVLENVMLAPRKVLGKSRAEAEAMALKQLTHVGLGDKLKVFPQRLSGGQQQRMAIARALAMSPDYMLFDEATSALDPQLVGEVLDTMRLLAEEGMTMVLVTHEIRFARDVSDRVAFFRNGLVHEIGPPDQVIGNPQRPETVEFLRSVL
"gene_1280|GeneMark.hmm|214_aa|-|1365218|1365862	",VFTTSLTANDLLFLLQGAWTTLAITAMAMLIGTLLGVVFGLLRALLPRASLPLAALLDVFRSVPLLIQFVLLNSFKSILGLDWSAFAVACLVLGVYAAAYCAEVVRGGVLSVPPSVRRAARSLGLSYRQDLFHIVLPMAARVAFPGWVNLTLSVMKDTSLVLWIGIVELLRASQTIVTRIQEPLFVLCIAGLVYYLMSWVVARLGARLERRWQQ
"gene_1281|GeneMark.hmm|221_aa|-|1365873|1366538	",MFDYTFHWRSAFNALPEMLAGSLVTLQVTALSMLFGILIALLLAFARLGGNRPLRAAAGAWISIARNTPALFQIYILYFGLGSFGLHVSSWFALLAGVTFNNAGYLAETFRGGLQAVPETQLRAARSLGMSAPQAYRLVVIPQLLRVVFYPLTNQLVWAMLMTSLGVVVGLTDDLTGVTQALNVKTFRTFEYFALAAVLYFAMAKLLVLAARLLGWRLFRY
"gene_1282|GeneMark.hmm|580_aa|-|1366538|1368280	",MKHAHLIVPRTLVAGSASGELLYAPTGLSFWGGVDPRSAEVIDRHHPLSGRHLHGRLLAIPGGRGSCTGSSVLLELILGGRAPAAILLREPDEILALGAIVAEELFGRSLPIACLGERFDELAAYPWARLADGRLELHRDAPPPLEARPAEALATDAGPRLDAFDQALLAGEHGEAARLAMRIVLRMAALQGAQRLIDIQRAHIDACIYTGPAGLRFAETLRDLGARVRVPTTLNAISVDQRRWREQGVPAALGEPAAALARAYLDMGAQPSFTCAPYLLDDSARAGEQIVWAESNAVLFANSVLGARTNKYADFMDICCALTGRAPLAGCHLDEQRQARVLIEVEDLGSVDDAFYPTLGYLCGLLCDGQIPAIDGLRQRQPDHDALKAFGAALGTSSSVPMFHVIGVTPEAPDLASAFGGRAPRRTLRVGRERLRDAWRELDSAGETRIDLVALGNPHFSASEFAQLAALCHGRRRHPEVALVITSSRQVVAQAEAAGHLATLQAFGARLVTDTCWCMLDEPLVPPGARTLMTNSAKYAHYAPGLVGRQVRFAGLAGCVEAAVGGRSPAGLPAWLSEDC
"gene_1283|GeneMark.hmm|273_aa|-|1368339|1369160	",MNTKKTLALALTAALGCSLAGLAQADKLDDIIESGKLRCAVTLDFPPMGSRDAQNNPVGFDVDYCNDLAKALDVKAEIVETPFPDRIPALVSGRADVIVASTSDTLERAKTIGMSIPYFAFVKVVLTREDTGIASYEDLKGRPVGGTAGTFEALALEKDSKAWGDAKGSFRAYQSEADTALAISQGHIDATVVSSTVAASWIKSGKYKGLKIAGDAPYDIDYVALGAKRNEYGLLNYLNLFINQQVRTGRYAELAQKWVGGTAPELTTSAVYR
"gene_1284|GeneMark.hmm|265_aa|-|1369418|1370215	",MLARSPSQAFAPMHDLLAAPPPADLASLLASLRQVEALLDAMPGVVFFVKDERARYVLVNRTLARRCGVKDKAELLGRSADEVFPSSLGPLYAEQDRRVLRGGATLENQLELHLYPGRQPGWCLTHKQALRDADGAIIGMAGISHDLPAAQSAHPAYGRLAAVDAHIREHYDQPLSLADLTAIAGLSVAQLERHCKRIFQLTPRQMIHKARLGAASQLLAGDAPITEIALRCGYTDHSAFSRQFKALTGLSPSQYRETHRQPRKA
"gene_1285|GeneMark.hmm|480_aa|-|1370257|1371699	",MPSTVSSSRLGLAGLCILLAGQLLPMIDFSIVNVALDALAHSLGASETELELIVAVYGVAFAVCLAMGGRLGDNYGRRRLFVLGVALFAVASLLCGLAGSVWLLLVARALQGVGAALVVPQILATLHVSLSGHAHSRALAAYGAIGGLAFVVGQVLGGFLVSADIGGLGWRSVFLINLPICLGILLCSRRWVPETRAEHAARVDAPGTLLLAALILCLLLPLALGPSLHWSWPCALLLAAAVPLLAWLWRTELRQERRQAWPLLPPSLLRLPSIRFGLLLAILFFACWSGFMFALALALQAGAGLSPVQAGNAFIALGASYFVSALLTARVAARIGPVRLLLLGCVIQMCGLLGLMLTLQRVWPQPGILNLAPATLVIGFGQAFIVSSFFRIGLSEVPAAQAGAGSAMLATVQQASLGLGSALLGAVFAHRLERHGDYLEATQTTLAVEFVLMTLLLGATCLFYLRRVRTVPLRCDSPGN
"gene_1286|GeneMark.hmm|287_aa|+|1371819|1372682	",MPLDAPASHAAESPAQPSRAEQLGAFLRRRRESIEPQRVGISRLGRRRTPGLRREEVAQLAGVGVTWYTWLEQGRAVRASEQVIGAIARALLCNETETHHLFNLAGLAAPTSARRAVCEKPSAATQAILDALDPLPAMVQNARFDIRGYNRAYCRLVGIDLAEIPEEDRNCIYLALTHERWRYCMANREEALPRMVGFFRAAMVERMGDPLWERQLQRCLEASAEFREIWRRNEVMGIENQLKRFRHARCGEFELQQTNWWSAPKNGDRLLVFVPLDDHARDCLEQL
"gene_1287|GeneMark.hmm|50_aa|+|1372764|1372916	",VLAGELGISLRTLYRDIATLRQQGAHIEGGAGTRRCCASGVNGKASPRSE
"gene_1288|GeneMark.hmm|288_aa|-|1372979|1373845	",MSANLDIELLRTFHAILRFGRFLAAASHLNRSPSAVSTHVRRLEELAGGRLFERDNQSVRLTPLGQRFQRQTAELLETHDRVLAGLRRREEPLRVRFGISEEYAGKLLGRLLPRLGAELPALELEVLTDASGRLAGRLRRGQLDLALLVQAQDETPYDGHSREIGGTQPVWVAGHGLRIDPQRPLPLALHGQGCPYRQALLEALGATGRRWRTVVSSPGATALEAAIEGGLAIGVIDRARVGPTMRVLGPAEGFAELPAHRIRLAFAPGERPPALERLGELIAEEFRL
"gene_1289|GeneMark.hmm|300_aa|+|1373945|1374847	",MRATTCTPRAMPGATRLLAVQLGMVLAWSSGFVGYRYAMEQAPVFLTSFWRFAVCLALLLPFAWAGLRRLSARQWRRQALIGALAYAGYIAPIAKAIELGVSPGVAALMADLLPLLVALLALVLPGQRTRPGQWPGIALGVAGVLWAGHAALALGRAPGWAYGLPLLGMLALALATLLQKRWDDAPGSLAVVLFVQIGAALPAFAGLALAEGSLRPPLSGGFLFGLAWLVLLPTFGGYGLYWLGLRHLSAQGGSAALYLSPALTLLWAHWMFAEPLTPMLLGGLLLSLAGLGWLYRAERR
"gene_1290|GeneMark.hmm|417_aa|-|1374844|1376097	",MSADYDLLIVGAGPAGLAAALAAAPSGARIALVDDNPAAGGQIWRDGPRASLPPRAHQMRQRLAGQANVEHFPATRVVACGPGRRLLLEDPQRGWQVGYRRLVLCTGARELLLPFPGWTLPGVTGAGGLQALAKGGLPLAGQRLVVAGSGPLLLASAASASQCGARLLRVAEQAPARTLAAFAVRLPRWPGKLWQAAGLFARSYRADSYVLAALGEERLEAVRLREGGRVREIACERLACGFGLVPNVQLGQALGYRLDGPALAVDEWQAGSLPDHYAAGECTGFGGSELALVEGAIAGHAAVDERDAARRLWPRRRRWQGFADTLARHFALRAELRQLAEADTLVCRCEDVPLAALAGHAGWTEAKLHSRCGMGACQGRICGSAAQFLFGWTPPAPRPPFSPARLETLARWQGDAG
"gene_1291|GeneMark.hmm|78_aa|-|1376094|1376330	",MIELFIDRRPLRVAVGTSVAAALALGGDGCSRSAVGGGRRAPFCGMGACQECRVLIDGRRRLACQTVCQSGMRVETQA
"gene_1292|GeneMark.hmm|371_aa|-|1376327|1377442	",VNAEVIVVGAGIVGSACAHELARRGLDVLVLDSRRGGATAVGMGHLVAMDDNPAELALSDYSTQAWRAWAAELPEDCAYRGCGTLWLAADASELAEAERKRQALQAAGVACRMLGAARLYALEPALRPGLAGALEVSGDGILYAPNAARWLLDQAGPRLRRLYAEVSEVDGSRLRLADGRWLSAEALVLANGIHAGELCAELPIRPKKGHLLITDRYPGTLRHQLVELGYVSSAHASSGTSVAFNAQPRPTGQVFLGSSRQFDTLDPQVEGPVLARMLRRALDYLPGLAGLNAIRAWTGFRAATPDGLPLLGEHPAQPGLWLAVGHEGLGVTTAPGSARLLAAQLFGETPPLDPTPYLPQRFLSSSGSARP
"gene_1293|GeneMark.hmm|314_aa|-|1377439|1378383	",MQRIRIIDSHTGGEPTRLVIGGFPDLGQGDMAERRRLLGERHDAWRAACILEPRGSDVLVGALLCAPVDPEACAGVIFFNNSGYLGMCGHGTIGLVASLAHLGRIGPGVHRIETPVGEVEATLHEDGSVSVRNVPAYRYRRQVSVEVPGIGRVSGDIAWGGNWFFLVAGHGQRLAGDNLDALTAYTVAVQQALDDQDIRGEDGGAIDHIELFADDPHADSRNFVLCPGKAYDRSPCGTGTSAKLACLAADGKLLPGQPWRQASVIGSQFEGRYEWLDGQPGGPIVPTIRGRAHVSAEATLLLADDDPFAWGIRR
"gene_1294|GeneMark.hmm|222_aa|-|1378500|1379168	",MLNAPNLGIAPSASEIIAKHLREAIIAGHFAEDEPIRQDDIAQLFNVSKIPVREALKRLEAEGLVLFQRNKGAVVTRISEPELAQMFEVRVLLEVQAIRLAVPNMDEATFARAEAICADFVGEDNVGRWAELNWQLHACLYEPAQRPFLVNLIRSIHDKLERYLRMQMSLSEGKQRADQEHREIVAACRAGDAERAATLIEAHIVGVCRTLYEHLPNRPAST
"gene_1295|GeneMark.hmm|686_aa|+|1379392|1381452	",MYFGASAMAKPSFFSSDLVQVLLCPRLHELQFAVKALLAGGLALYLAFGLELEQPQWALMTVFVVSQPYSGMVLAKGMFRLIGTCAGALVSIGMVALYGQASLPFLLLMALWLAFCTAGASLLHNHASYGFVLAGYTAAIVALPASADPATVFDQAVARCSEIGLGILCAALVNVLLWPRRLERQLANQGKAAWEAGLQAAAAELRGADERGELLAALGRIAAADAQRDHAWFEGALGRARSQALRVLGLDLLGLLRAARKVARERRLLDPASAHALQPWLEELEALLREGRQAEFEACRQRLRLALDAAHGQLHLCLVCLERLLGEARAAGRSVEALVYGAPTRQAPGAIAWHRDIERGVLFGLRSALAFLCVAAFWLASAWPSGLGAVSITGVVLSLFASRDNPAQAGLNFLRGILLSIPLAGFVALFYLPGVDGFPLLCLGLGVPLFFAALCVNRASLAGIASPFCIFFVKNVAPSNSMSYDLAHFLNNALSTVLGVAFAVLVFNLVSLRPGERHYRRMLQATLGDLARLTLRSPAQAEAWFGGRTADRLIRLAQRYDRLPEGRRQPWSDGLMGLDFGDELLYLRQCLEEVPASLAQARDRYLRRLRLALLGDGPRAEREHALDPPTARLLKALAASPLAGSERGELAGAALVQLQATWRQWCRSHAPAGTALRADPLPGAGR
"gene_1296|GeneMark.hmm|616_aa|+|1381804|1383654	",MNRVFLTPAAVALCGASSLSLAEPVSLADQVVTATRTAQTASQSLAAVSVIDREDIERSQARSVPELLRQVPGVSLANNGGFGKNTTLFLRGTESDHVLVLIDGIKVGSASAGLTAFQDLPVELIERIEVVRGPRSSLYGSEAIGGVIQIFTRRGDGQGAKPFFSAGYGTHQTLEGSAGVSGGAGNGWYSLGVSSFDTAGINTKRAGTAGYEPDRDGYRNLSGNLRGGYRFDNGLELDGTLLRAKSHNDYDQVFGNSGFNANADGEQNLVGGRARFTPFDPWLVTLQAGRSEDKADAYQDGRFYSRFDTRRDSLSWQNDLTLAEGHVLTLGYDWQKDEISSSEAFSVDSRLNKGWFAQYLGQYGRQDWQLSLRRDDNQQFGVHDTGSAAWGYALSDALRFTVSYGTAFKAPTFNELYYPDYGNPDLDAETSRSLEVGLSGTHGWGHWAVNAFRTNVDDLIGNDPRPAPGRPWGQPNNIDEARIRGVELVLGSQWLGWDWNANATFLDPQNRSGGVNDGNELPRRARRMFNLELDRRFERLSLGASVHAEGRRYDDPANKVRLGGYATLDLRSEYRLNDEWRLQGRIANLFGADHETAYGYNQPGQAVYLSVRYQAL
"gene_1297|GeneMark.hmm|203_aa|+|1383718|1384329	",MNESPEKDQRHRERMERKKAVVDEKIAQARDERGVLLVHSGNGKGKSSSAFGMVARALGHGMKVGVVQFIKGAASTGEEAFFRRFPEEVSYHVMGEGFTWETQDRQRDIAKAEAAWKVAAQLLADPDVGLVVLDELNIALKHGYLELDRVLADIQARPAMQHVVVTGRGAQPGMIEAADTVTEMSLVKHAFKAGIKAQKGVEF
"gene_1298|GeneMark.hmm|442_aa|+|1384340|1385668	",MRGDASPMTQARCPALLIAAPASGQGKTTVTAALARLHARQGRRVRVFKCGPDFLDPMILARASGAPVYQLDLWMVGEAEARRLLARAAGEADLILIEGVMGLFDGNPSAADLARRFGVPVLGVINGAAMAQTFGALAYGLAHFQPDLPFSGVLGNRVGSQRHSDILRDCLPPGMRWFGGLPRSAEFELPSRHLGLVQAEELADLDARLDAAADALRASAETDLPEPVTFEVPAPAPLQRSLEGVRIGVARDASFAFLYQANLDLLRELGAELAFFSPLQDQALPAVDSLYLPGGYPELHLGRLQGNRAMAEAIRAHHAAGKPLLAECGGMLYLLDCLEDADGERGELLGLLPGRARLQKRLTALALQEVELPEGRLRGHTFHHSTLDCAVEPLARGVCPNGRNTAEAVFRLGRLTASYIHFYLPSNPQAAAALLAPARDAD
"gene_1299|GeneMark.hmm|218_aa|+|1385670|1386326	",MSDSSHAFSATERAAVYRAIAERRDMRHFSGGSVAPELLARLLEAAHQAPSVGLMQPWRFIRITEPALRRAIHGLVEEERGRTAEALGERSDEFMRLKVEGVLDCAELLVAALMDDRERHVFGRRTLPQMDLASLACAIQNLWLASRAEGLGMGWVSLFDPAALGELLGLPPGSEAVAVLCLGPVAEFYPAPMLALEGWSEPRPLAELVYQNRWGERA
"gene_1300|GeneMark.hmm|312_aa|+|1386323|1387261	",MSALLGILGVVLDARFGEPQGWHPLVAFGRLADRLERRFNRSRLAGEADPGVGWRSHGVTAWVLAVLPLTLLAWALAELPYLGWLVQALALYAALGLRSLGEHAEPVALALRAGDLDEARRRVGYLVSRDTRELDQAGVARAATESVLENGSDAVYAALFWFAVAGAPGVVLYRLSNTLDAMWGYRNARFERFGWAAAKIDDILNYLPARLVALTYALLGDTRQALRCWREQAPQWDSPNAGPVMAAGAGALGVFLGGAAIYHGELHQRPLLGSGPQPQGRDIYRALALVRQGVLLWLLVLAGLWAMGWLHA
"gene_1301|GeneMark.hmm|324_aa|+|1387275|1388249	",LREAARRYDIPLADWLDLSTGIAPWPFSLPAIPEQAWTRLPESDDGLEAAACLYYGAERVLPLAGSQAAIQALPRMRRGGRVGVLSPCYAEHAHAWRQAGHLVREIGEAEVEPYLDSLDVLLVVNPNNPTGRVFEPAELLAWHARLQRRGGWLLVDEAFMDCTPQSSLAACSNRPGLIVLRSFGKFFGLAGARLGFALGERPLLQALAEQLGPWTVNGPVRHVAQSALRDRQQQRQQRERLLAASQRLEELLRRHGWPPAGGSALFQRLVDPRCAALHDYLARRGILTRQFEQPASLRLGLPADEAAWARLDAALLGFKEPAHE
"gene_1302|GeneMark.hmm|490_aa|+|1388242|1389714	",MSDRGRTLMVQGTTSDAGKSTLVTALCRWLARRGVAVVPFKPQNMALNSAVTADGGEIGRAQAVQAQACRLAPHTDMNPVLLKPNTDIGAQVIIHGRAVTSMDAAAYHDYKRVAMEAVLASHGRLAAAYRVVMVEGAGSPAEINLRANDIANMGFAEAVDCPVILVADIDRGGVFAHLVGTLELLSDSERERVKGFVINRFRGDIALLQPGLDWLEARTGKPVLGVLPYVSDLHLEAEDAIDTRQAAKVGPRLKVVVPVLPRISNHTDFDPLRLHPQVELSFVGPGQALPSADLIVLPGSKSVRADLAALRERGWDEAILRHLRYGGRLLGICGGLQMLGERLHDPLGLEGAAGSSAGLGLLALETTLEADKQLRNVQGRLSLEDAPLSGYEIHAGVTRGEALARPAVVLDDGRADGARSVDGNVMGTYLHGLFESTAACSALLRWAGLREVQAVDYQALRERDIERLADLVERHLDTGRLLALCGEPHA
"gene_1303|GeneMark.hmm|173_aa|+|1389707|1390228	",MRDLILGGARSGKSRLAERLAAESGLAVSYIATAQAGDGEMGRRIAEHRARRPAHWRTLEEPLALAATLRSEAEAGRCLLVDCLTLWLTNLLLCDDPQRLDGEREALLECLGELPGRIILVSNETGLGVVPLGELSRRYVDEAGWLHQAIAERCERVTFTVAGLPMPLKGEPL
"gene_1304|GeneMark.hmm|351_aa|+|1390225|1391280	",MSLQWWRDTCREADPQMRRRAAERQDRLTKPRGSLGRLEQVAIDLAALQGRERPSLERIWVTVFAGDHGVVAEGISAYPQAVTGEMLRNFVRGGAAISVLARELGAGLEVVDLGTAFPLEALPGVRHLRLAAGTANFVEAPAMGAEECLLALEAGRESVRRAEQAGSQLFIGGEMGIGNTTAAAAMACALLDAPASALVGPGTGLDASGVAHKAAVIERALALHGAHRADPFETLRRLGGLEIAALAGAYLACAQKGMVALVDGYICSVAALCAVRLNPACRDWLLFAHSGAEPGHRHVLEALAAQPLLDLGLRLGEGSGAALAVPLLRQACALHAGMATFAEAAVSDRPA
"gene_1305|GeneMark.hmm|194_aa|+|1391277|1391861	",MSLRLDLLRHGETESGGGFRGSLDDALTARGWAQMRTAVEGGRWDLLVSSPLQRCRAFAEELAQRQGIELELENDLRELHFGAWEGRSAAALMDGHSEALGRFWADPYAFTPPGGEPLSEFEARVLAAQRRLRQRHAGRRVLLVTHGGVIRLLLARARGLPREHLLQVDVGHGALFGLRAGEGDDRWHECREGE
"gene_1306|GeneMark.hmm|245_aa|+|1391864|1392601	",MREALRSLLVALQFLTRLPVRLSAMPTPEQFGRAVLCYPLVGVLIGVVLYAAARSLDGTPPLLQAALLLSLWVALSGALHLDGLADMADAWVGGLGDRERTLAIMKDPRSGPVAVVVLVLVLLLKFSALAALLGQGEAGLLPLAPWLARSSLPLLFLTTPYARPGGLGQAIAEHLPARSLPWVLGVSFGLALAFGLAGLLALLVTLMLFAWLRSRFLARLGGTTGDTAGALVELTECAVLVALAL
"gene_1307|GeneMark.hmm|501_aa|-|1392564|1394069	",MFRQNRWLVLAIVSSALFLIIIDMTVLYTALPRLTHDLGATAAEKLWIVNAYPLVVAGLLPGAGLLSDRLGHKRLFLAGLPLFGLASLCAAFAPSAAALIAARAGLAVGAAVMMPATLSIVRHVFQDERERALAIGIWASVASAGAALGPVVGGVLLEFFWWGSVFLINVPVVVVALLLALPAIPACGGQSRRPWDALGSLQVMFGLVGVVYAIKELSTRAPDFGLAVLAALGGMLCLYLFVRRQRRAREPMIDFALFRNRRFARGVAVALVATMALLGMELVFSQHLQLVQGLTPLKAGLFVLPIPLASLVVGPLAGWLVPRWGENRVMCASLLFGSAGLLGLALSYQSATGAQLASLVLLGVGFGGAMTAASTAVMLNVDEQSSGMAAAIEDVSYELGGVIGVTLLGSLMSFVYGMSLRLPSAELPARVRDSLDDALLVAEGLAPEVASRLVELARQAFDQAFVAVLLAAAALLFLSAMAVLRQPRPATEPAPPAPHTR
"gene_1308|GeneMark.hmm|186_aa|+|1394188|1394748	",MGRRRTIDRDQLLDAAEAVIAREGAAGLTIDAVAKEMGITKGGVQYCFGTKDALIDAIFERWGKAYDSLFEAVAGKQPTPLTRVRAHAEATQRSDELSSSKAAALMAALIQTPEHLEGSNQWYRSRLEGLDLSAPEGRRARLAFLAVEGAFMLRYFRLMDIGQDEWDSMLDDVRALLLTAAGASGD
"gene_1309|GeneMark.hmm|606_aa|-|1394779|1396599	",MPVYKAPLRDTRFLLNEVFDFPEHYRNLVNGAEATPDMVDAILGECAKLCEEVIAPLYHSGDEEGCHLENGEVRTPKGYKEAYEAYVAGGWQGLSHPVEYGGQGLPMSLGALKQEMMGTANWPFSMYPGLSLGAMNTLMQHGTEEQKQTYLAPLTEGRWGGTMCLTEPQCGTDLGQVKTRAEANPDGSYAISGTKIFISSGEHDLTENIVHIVLARLPDAPKGTRGISLFIVPKFLPGEGGALGPRNGVSCGALEKKMGIKASATCVMNFDGATGFLIGPPNKGLECMFTFMNSARIGTAIQGVATAELAYQGALAYARERRSMRALSGTKEPDQVADSLMHHGDVRRMLLTQKAIAEGGRALVYLATQYADRMIQGILSNDDAEYERWDDKLGFLTPILKGCLTELGLESANLGMQVFGGHGYIREHGMEQIVRDARIATLYEGTTGIQALDLLGRKVLLMTQGKAVRDFTRGVARFAVDLLKNEPRMRGRALVLLKLCAQWNLLTLRIALTARKQRDLVSTASHDYLMFSGYATLAYSWALQEAAARRRLRQGGSESADFYKAKIATSEFYFARLLPRAKGHAAAMAKPTGSIMDLKSEHFAFD
"gene_1310|GeneMark.hmm|137_aa|+|1396767|1397180	",MLPTQCLCTKLRRAARSVSRFYDEALADTGLKVAQFSLLRHLRRLDRPSISELAEAMGLDRSTLGRNLRVLEGDGLLRLTGGEDQRNRLVELTPAGLDALERGTPAWEDAQRRLAGRLGEERSGALAALLAELERLD
"gene_1311|GeneMark.hmm|399_aa|+|1397254|1398453	",MPRAAFWILLSGALILALSLGVRHGFGLFLAPMSADFGWGREVFAFAIALQNLVWGLAQPFTGALADRYGAARAVLVGGLLYALGLVLMGLSQSASGLSLSAGLLIGLGLSGTSFSVILGAVGRAVPAEQRSMAMGISSAAGSFGQFAMLPGTLGLIGWLGWSSALLALGLLVALIVPLAGLMKDRPLPPQGHEQSLGEALREACAHSGFWLLALGFFVCGFQVVFIGVHLPAYLVDQHLPAQVGTTVLALVGLFNVFGTYIAGWLGGRWSKPRLLTALYLVRGVVIVLFLWLPLSVYSAYAFGVAMGLLWLSTVPLTNGTVATLFGVRNLSMLGGIVFLFHQLGAFLGGWLGGVVYDRTGSYDLVWQLSILLSLLAALLNWPVRERPVARLQVAGGAA
"gene_1312|GeneMark.hmm|35_aa|+|1398450|1398557	",VKLAWLLAAGALLGLAWWGWQRGGLALLELGMGAC
"gene_1313|GeneMark.hmm|184_aa|+|1398618|1399172	",MKPRVLLSVLALAGLPLSGWAADCPELLQGQLTKLRSKESIDLCQRYAGKPLVVVNTASHCGFTPQFKGLEALYQRYKGQGLEVLGVPSDDFKQEAADTAETAKICYGNYGVTFAMTQPQHVRGDEAIPLFRQLAEQSGQAPRWNFYKYVVDRQGRVVAQFSSKTTPDDPQLQAAIEKAIASQP
"gene_1314|GeneMark.hmm|424_aa|-|1399231|1400505	",MKTIWFKTSLALTISAVSTYTLANGIAINEQSASGAGTAYAGRASSALDASTIYGNPAGLSKLKRTEVSGGLAIVKAKDDISQAHSTAQGSNKGDSVPLAAVPFGYFSTPINEDFTFGLGIYVPYGIINDYENGFMGSSHGSYSKVQVITVQPTIAWKINDKVSVGFGPTFNRIDGQLKNTLATNGLLGSNGDTKINIKGDDTAIGYNVGVMVDLTDDTTWGLTYHSKVKYHLGGNTEVKNAPGALGLNGKYDAKLDITLPESVDTSITHKFDDKWTGYLGAVWTRWSRLEKIEVRNSGVPALGQALGFNTIGEDLNWRDTWSFSVGTSYQATPEWVLRTGFAYEPSPTSNEDRNVRIPVGDRKVFTVGAGWSPNQDLTVDVAYAYLWETTAGVNQEGSALQPAYSAKYDNSAHGLTAQVTYRF
"gene_1315|GeneMark.hmm|159_aa|-|1400711|1401190	",MGISANDLCQHVIRPTLDYLSCHSPAAEALLLGAAACQSALGSALDDRRGHGLYRIASERHQQLWDQYLALDPERASRVRGLASQHAFLAAPHLELTVNLRYSTAIAWSLVEAARLPLPDQHDHLAQARVWRQVFQPHGRLHEFIDAWQRCIGSLSQVA
"gene_1316|GeneMark.hmm|197_aa|-|1401412|1402005	",MNVKSRQQENAEATREALLESALSAFIEHGYGGVSIDAIAREARVTKGAFYHHFGSKQELLAECYERQVRTIAEDLDRVPAHVDKWAEAAALAEAFIDSVMARGKRQLSLQEVITVVGWERWKRIDSRHTLRYVGRLVDELAASGELKDYRRETLVGQLYGFLTQAAMSLRDARNKRQAANEVKAIIRDFLYSLRRG
"gene_1317|GeneMark.hmm|279_aa|+|1402117|1402956	",MSTAVEIACRDGVRLAGDHFPAVGDAQGSIVVACALGVRRAFYQRFAVLAAASGYEVLLFSYRGSEGDDPAVASYRLADWGREDIDAVLAWCRARAPELPRYFVGHSIGAQLLGLAGQASGLSGAAFVAGSFPYWRRWRGRQRWQMFGLFCVAVPLLTGLLRRFPSRFFGLGSLDMPSHFMRDWARWVRQPDYLLAPRFGLQRQGYEALDIPVASFLFEDDDYVPWAAAEKLHLVYAAAHLELRRKGRAEGAVGHFGLFRNEALQKELLDYFRKLPDAA
"gene_1318|GeneMark.hmm|284_aa|-|1402981|1403835	",MSSAQLLTAQQLAARLSEPDLLVLDCRFALEDPSYGARVYQENHIPGAHFADLERDLSAPVRKGVTGRHPLPDPAELALKLQAWGLRQDSQVVLYDDGPGAFAARAWWLLHWLGKRDGVYLLDGGLAAWKAAGLALTNGESSLRPGDFQGQPDASLLIDAATLQAQLGQPGLALLDARAQPRFRGEVEPIDPVAGHIPGAQCAAFTDNLGSDGRFLPPEQLHQRFSALLRGRPVDELVAYCGSGVTACHNLFALSLAGFPLPRLYAGSWSEWITDPRRPVATGD
"gene_1319|GeneMark.hmm|353_aa|-|1404136|1405197	",MKKLSGIIVLLLAGAALYLALKTSPIDPLAWDAPAAPQMTGVLEPNDTLMKAELLGQGQLHGPEDTAVDSQGRVYAGLADGRVVRLDASGKVETFVDTGGRPLGMDFDAAGNLILADAWKGLLRIDPQGKVETLATEADSVPFAFTDDLDIASDGRIYFSDASSKFHQPDYILDLLEARPHGRLLRYDPSTGKTEVLLKDLYFANGVALSANEDFVLVNETYRYRITRYWLKGEKAGQHEVFIDNLPGLPDNLQGDRKGTFWVALPTPRKADADFLHRHPWLKAQLAKLPRMFLPKPTAYGLVIAIDEQGRIVRSLHDTSGHHLRMITSAKPVGDQLYFGSLENDRIGRLAIP
"gene_1320|GeneMark.hmm|376_aa|+|1405332|1406462	",MFVTAPEIQWIRDDASLAQQCREWRTQPYLALDTEFMRVDTFYPAAGLVQVGDGRQEWLIDPLLIQDWSPFAELLEDERVVKVLHACSEDLEVFLRLTGSLPVPLFDTQLAAAYLGMAHSMGYSKLVKEVLDIDLPKDETRSDWLQRPLTEMQMRYAADDVQHLAQVYLALDTRLSEEKRAWLLEDGAELVANLCRESDPREAYREVKLGWRLRPQQLAVLRELCAWREEQARLRNRPRNHVLRERTLWPLARLLPKNKTDLAAIEDMHPRTVRQDGDFLIELIAQAARLPQSEWPEALPEPLPPEVTPLLKSLRAIGQREAETLGMAPELMLRKKVLEALLKSGYPDGPYELPDSLRGWRRERMGQALLDALESA
"gene_1321|GeneMark.hmm|97_aa|+|1406459|1406752	",MKRICSVYKSPRKSEMYLYVDKREALSRVPEALLVPFGAPQHVFDLLLTPERQLAREDVAKVLENIEKQGFHLQMPPGEEEYIEHLPEELLRMNDPL
"gene_1322|GeneMark.hmm|310_aa|+|1407007|1407939	",MRLLILERDHALYAALLMAADPSLKVVAGDDPLQLIDAASECSIWLGQPDLVAQMLRQGVHPVWVQSTWAGITPLLAADLPKDYSLTRAVGIFGQVMSEYLLTYMLAHERQFLGRLASQVGSQWDSRTPGGLRGRQVVIVGTGEIGQAVAHTLSGFGMDLTGVAKNPRSLVPFNRMGSLDDLGRLVETADYLINLLPDTPDTHDIYDRALFARLKPTALFINAGRGVAVVDADLVAALENNQLAGAVIDVCREEPLPANHLFWHTPRLLLTGHTAAPTLPGAMVELFRDNLARFWAGTAMRGEVDFARGY
"gene_1323|GeneMark.hmm|326_aa|-|1407951|1408931	",MPGTPTTQPLRHSHRFDQGNPLAERNTRWAVLLTACMMVAEIAGGWLFNSMALLADGWHMSSHALALGLAVLAYGAARRYANDPRFSFGTWKIEVLGSYTSALLLLLVAGLMLYQSVERLLDPSPIHYQQAMLVAALGLLVNLACAWLLRDGHAHHGHGHSHHHHHHHHHHHHHHDHHAHRHDLNLRAAYLHVLADAATSLLAIVALAGGLLWNAAWLDPLMGIVGAVLVSVWACGLIRQSSRVLLDAQMDAPVAAEIRAAIASSPLPAELLDLHLWQVGQGKYACLLSLLTTEEGSADYFKRRLAEHEELVHITVEVNPLLPLAA
"gene_1324|GeneMark.hmm|91_aa|+|1408999|1409274	",VAHTIHGKKKLLARVRRIAGQTRALEQALEEGSECAAVLQQIAAIRGAVNGLMNEVLEGHIREHLGAEQASAEQRREDLELVVTALRSYLK
"gene_1325|GeneMark.hmm|149_aa|+|1409351|1409800	",MAAKVEPFWKRKTLAQLDQDEWESLCDGCGLCCLQKLEDEDDGSVYYTRIACKLLDLQSCRCTNYAERIRFVPDCIQLTPAQADEFQWLPPTCGYRLVAEGKDLPLWHHLVCGDPERVHKERISQSGRMLSETQVAEDDWEDYLIFRAG
"gene_1326|GeneMark.hmm|175_aa|+|1409949|1410476	",MDERFRGSVSHAYQAFHGELLRFLRKHLGSSADAADLAQDTFAQWLKWPGRQSVEQPRAFLFQIARNLLRDHWRRQQSRGQDLDRPAANDEPAALEGEAAGPGERFEQQQRLSHLAAALAELPPRRREAFVLHKFDGLSQVEVAERMGISLSMVEKHIASALLHCKRRLGQGGEG
"gene_1327|GeneMark.hmm|327_aa|+|1410473|1411456	",MKPLERLEPLFADETEEDIDHRAAYWFSRRRSGHFSAACRAELEDWLRADPRHREALEGMERLWREFDGLPRPALDDIPEPVPAWRLPRALAAAFFVFCALLVATLFWRDQSLGPNLAYGTAPGEQREVVLADGSKLFLDVDTQVQVRYAERTRDVLLKKGEVFFVVSHDPARPFRVGSGDSRVTVLGTQFSVRRNAQALAVAVKQGRVALQPSLEKDAEHVLLAGDSARLDLAEQRLELGHVAPEQVASWRDGQLVFRDKPLGELVEELSRYRAAPIRLGDPRLAGKRVSGTVRIARPDDFLLALPALLPVRVQPQAGGEVLILAR
"gene_1328|GeneMark.hmm|851_aa|+|1411585|1414140	",MTLPFTRAAWRPLCSAAVLGAALWAAGASAAERRFDLPAQPLAASLSRLAQQAQVQVLFDESLLRGLRAPALSGSYGVREALERLLVGSELELVEAGGGYVVRRRQVDAYSDNALQLDAQTIVGNGREVDASNVGRSTLTRRDIERQQADNIPSLLQTLPGVTMGGSPKPGGQTTNIWGLGDAEDVPYTLDGAQKSGFERYQQGTVFIEPEMIKRIEVEKGPHSVFTGNGGFGGTVHMETKDAPDLLREGRDVGAMLKYGYHSNDQQKIYSGAVFGRSEDRRVDALLYLNGRDGRDMKLADNLPLSPTDYPINPKRLPNSAQDEKTGLFKLNLHPTEEHDLGFTYLRSKSSRWTPFSASSYPTPPSQWTIDRYGYELGLTRLLAHRDTTDTTWTGKYNYHPLDNPWIDLQLSYSDARTEQLDRREDTAFYQLATGGKRMRTEYQDKVLELRNTSRFDTGALQHELTLGAALHKHKRDILMHMPGKTYETPRYNYGWLQPAFMPAGKQDTQSFYIQDAITYGSLTVTPSMRFDSVRNDGQANLAPIYDNPKLGHDYRAQTYSGWSPRLSVFWTATPNLAFFADYTETWRAPVIDEQYEVQNSSTIGGSSRDLDAERIHAIRGGSVINLPDLLVAGDSLQIRTTLFQNRIKDEIFRTRSVGCRQQSIDNGSIGGSCGDMLPLSNYRNLPGLTIKGFEIESFYDSQRLFGSLSYSWMTGKHDGAYSNPWGPNVWARDIPPPKWVAMLGLKVPEWDAKLGWQGEFVRKTDRLPSDRYSGGMGTGSGDIYWDHAANDSYDTHRLFAEWVPAKLGLKDTRIDFTVDNLFNRSYRQPLGGDLVYSQGRNAKISVTQFF
"gene_1329|GeneMark.hmm|179_aa|-|1414147|1414686	",MGLLAAIMLAVYLANPFGTASLDPRARLLGVALYKIPSRSMEPTLQQGDFILANAARYAFADPQVGDLVVFRFPPQRSIAYVKRIAGIPGDRVRIDGGRLYVNERPVTEPYLAQQALRQPESLRMAERTVPAGQYFMLGDNRDNSNDSRYWGYVPRADLVGRVFAVWYAEDTRRIGSVR
"gene_1330|GeneMark.hmm|683_aa|-|1414763|1416814	",MPHPQPPIARRDAGSDPYAWLEERDAPEVLDYLKAENAYLDSELADQAGLRETLFEEIRGRIRETDLSLPSPWGPWLYYQRTTAGDEYPRHYRCPRPADGSLAVDEGAEQLLLDPNQLADGGFLSLGAFSISPDQSLLAYSLDTSGDEIYRLFVKDLASGAVQALPFDDCDGSLTWANDNRTLFFGELDDTHRPHKLYRHRLGEAGAELVFEEGDGRFFLHCYRSSSERQLILLLNSKTTSEAWVLDADQPQGTFRCLAPREEGHEYYPDHGRLDGRGLWLIRSNQAGINFALYQAEESRPTREHWQLRVAHDPQRTLEDVSLNAEAVILGLRDGGLPVIEVQPQGLPAYRVQLPDAAYSLYVQDSLEFDSPCVRLRYEALNRPAQVRQLNLADGTQTVLKQTPVEGPFDADAYASRRIWASSGDGTQVPVSLVARKEVLDGIAAGRPAPLYLYGYGAYGHSLDPWFSHARLSLLERGFVFAIAHVRGGGELGEAWYRAGKLEHKQNSFDDFIACAEHLLAEGYCRPEGLAISGGSAGGLLIGAVLNQRPQLFGAAIAEVPFVDVLNSMLNPDLPLTVTEYDEWGNPQEPEVHARIAAYAPYENVRAQDYPHLLVVAGYNDSRVQYWEAAKWVAKLRATRTDANLLLLKTDLGAGHGGMSGRYQGLKDVALEYAFLLKVLGLV
"gene_1331|GeneMark.hmm|157_aa|+|1416963|1417436	",MNEQDYLIAWGAYAIAGLGLMLVFWLMTGWMWRWLREPLRLIVFILLFTPTPVDPQNDLYAPAIAITALDVVFKVGNNAWRAVSDLALVALLGFGLYLLIAAIRWPLERAWKNRRHPSQDAEDEPTLRQMMQPELMPDVDTRTDEHGDRRMRIEPRL
"gene_1332|GeneMark.hmm|148_aa|+|1417515|1417961	",MDCVFCAIAGGREPAHRLFEDEHFIVLLDIFPLRPAHVLIVAREHALHLSDLSAAARDALLALAERIGRALRRAGFGVEGINLLLNDGVAANQHVAHLHLHLIPRRRGDLPRLLWRALTRFLPVGRASLQARLQRERELLRTALLREV
"gene_1333|GeneMark.hmm|251_aa|+|1417983|1418738	",MSANVPTDIVFSFTGLMQRGGGTGPHRDGWGIAFYEGRGVRLFQDPLASVDSEVARLVQRFPIKSETVIGHIRQANVGKVGLSNTHPFIRELGGRYWTFAHNGQLADFQPKPGFYRPVGETDSEAAFCDLLNRVRRAFPEPVPVEVLLPVLISACDEYRKKGVFNALISDGDWLFTFCSSKLAYITRRAPFGPARLKDADLTVDFHAETTPDDVVTVIATEPLTDNENWTLQQSGEWVLWWGGEVLAKGRV
"gene_1334|GeneMark.hmm|174_aa|+|1418765|1419289	",MFRSYLRLLLFTLGLLLGVQVPGFIDDYAKRVDAHRLEAAQNIQGFQQTAGQFFNGSLEELVRHYRSNSDPVFQRDGENLDRLMRRARMLDAEWQAMQGPWYARAWHMLRAPNHELLMETYASYSYQVLLKPEVIAWGLGCALLVAWIAELIVYSLASLFGFGEDRRTRERHWS
"gene_1335|GeneMark.hmm|286_aa|-|1419298|1420158	",MNLFQLRAFDAVAREGSFTRAAERLCISQPAVTGHVKALEEHYQVTLFRRTARRIELTEEGSRLVAITRTLFALEEEAEALLDANRQLVSGRLEVAADGPHLVMPMLARLRASYPGITVNLRLGNAQETLAALLSEHVDVAVLTEVEARPGLFLEELVNSRICALLPRQHPWCERNEGVPLEELDQQIMVLREPGSITRRTFDRACAEQGVQPRVLLELDSREAVTEAVAAELGVGVVSSLEVGNDPRVRAVPLVGPELTNRHLIGCLEKRRGLRVIRAFLELAAA
"gene_1336|GeneMark.hmm|371_aa|+|1420326|1421441	",MSTAERAPILLTPGPLTTSYRTRRAMMVDWGSWDSDFNELTASVCQRLLKIVGGEGSHTCVPLQGSGTFAVEAAIGTLVPRDGKVLVLINGAYGKRLAKICEVLQRPFSTLETEENVPTTAADVERLLAADPAISHVALIHCETSTGILNPLEAIAKVVERHGKRLIVDAMSSFGAIGIDARKVPFDALIAASGKCLEGVPGMGFVFARSAALEASAGNCHSLAMDLQDQHAYMRKTGQWRFTPPTHVVAALHEALSQYEEEGGLPARQRRYASNCETLLGEMARLGFRSFLPAEIQAPIIVTFHAPRDPRYRFADFYQRVREKGFILYPGKLTQVETFRVGCIGHVDAAEMRQAVAAIGEALRELEVLEI
"gene_1337|GeneMark.hmm|275_aa|+|1421477|1422304	",MNYNQPATLQAAILDWAGTVVDFGSFAPTQIFVEAFAEFGVQVSLEEARGPMGMGKWDHIRTLCDIPAIAERYRAVFGRLPSDDDVTAIYERFMPLQIEKIAEHSALIPGALQAIAELRGMGLKIGSCSGYPAVVMEKVVALAETNGYVADHVVATDEVPNGRPWPAQALANVIALGIDDVAACVKVDDTWPGILEGRRAGMWTVALTCSGNALGLTYEQYQALPAAELERERTRIEQMFEGSRPHYLIETIAELPAVVRDINARLARGEMPQGN
"gene_1338|GeneMark.hmm|303_aa|-|1422355|1423266	",MVSLDRFETFRAVVDCGSLSAAADTLGQTRAVVSFNLKRLEAELGVSLLSRSTRRMALTDAGERFYQRCVKVLDEARLAIDDARAEHGELRGSLRVTTTQEYGLRQLVPALQAFARLHPALQVQLSTSSLHADLIGERFDVAIRLGRLEDSTHHAVQLASFEVLAVASPACLAALGEPPPTDLESLERLQNLGHSRLADSLPWQVRAPDGALRSYRGPRHPMLLADNAAALRAFALDGLGIAVLPDWLVQADLRCGALQRLLADHGFPLQGVHAVYPPTRHLPSKVRAFIDFLKTRLGHPDAG
"gene_1339|GeneMark.hmm|452_aa|+|1423374|1424732	",MNQPSRLATLYLLGFALDLVNIFIASVAYPDIGRSLGASVATLAWIGNTYLLGLTLVIPLSVWLASRLGERRLMLLALAGFASASLGCGLAGSAATLIVWRLCQGLAGGLLIPLGQAMAYRNVPASARAGLTARVMLVALIVPAVAPALGGWLVDSLSWRGIFFASVAPALLVLALAMRWLPRHKHAAQRLDLRGLLLGSAALATLLVALAWLGSPGGGGRGLLLALLACVLGCCYWRDGRARTDALLDLGLLEAPLLRTAMLVYLCVPGAFMGANLVAMLYLQGPLGLSASRAGALMLPWALAAGLAIGLTRRRFNRWGPKSLLLAGMAIQAGGLLWLARSGEGSGFWQLAGAYATMGFGGSLCSSAAQGMALLDVPAARMGHASALWNINRQLAFCLGMAVLGGLLNLLQARADPAAFVHCFLFAAAFTLLPLPWVRRIDSAGVRALVQT
"gene_1340|GeneMark.hmm|128_aa|+|1424746|1425132	",MTCAYRREIHHAHVAIRDWLAGDSRADALDALMARFAEDFSMVTPHGVVLDKTALGELFRSKGGTRPGLRIEIDGESLLASGVDGATLAYREIQSDAAGRSERLSTVVLHRDDEGRLYWRHLQETFCG
"gene_1341|GeneMark.hmm|204_aa|-|1425140|1425754	",MPDRHAEQPARQPRTKPAEVRLEELMAAAQQLFLDKGVDATTISDIVAAAGVAKGTFYHYFQAKTDILLALRERFTQAFQQRIANAVEACPANDHPGRLRAWTESGLAGYLEGYRLHDVVYSEHHHHQRGNQERDRVLEQLAELLENGAAAGAWPLRNPRLNALLLYSGLHGAADDAIAGGRLDTQPLAGELADAFLRLLGASD
"gene_1342|GeneMark.hmm|513_aa|+|1425912|1427453	",MNPSRRVALVAAIYLGTFIASLDISIVNLALPTLQYALDTDLAGLQWVVDAYALCLSAFMLSSGPLSDRYGRKLTWLLGVGLFSFGSLLCALATSLPLLLFGRAVQGIAGALLIPGALSILTQAFHDPGQRAQVIGGWTSFSALSLILGPLLGGLLVEHAGWQSIFLINLPLGLLALALGLWGIEETAHPEHAAFDPLGQLLSVVWLGALTYALIAAGEGGWLSPTAWPALLLAGVGLLGFLFVERRTARPLLPLGLFRQAGFAVCNLASFVLGFSGYASLFFLSLFFQQVQGASAQQAGFYLAPQFLAMGALSMLFGRLQRHVPLRRLLVLGYLVIGLAMLALAACGTGTAYPWVGLLLVALGLGMGLAVPGTGLAVMASVARERSGMASATMNTLRQAGMAVGIALLGALLSGRAIVVLGDRLEGLGIADAQRLATQAVTAHRLPGSLAGLDAELPAALAEGFRLAMLVAGASALLAAALLWRLRVSAGPAADTVGASGRTAGVQLQADRH
"gene_1343|GeneMark.hmm|322_aa|+|1428107|1429075	",LKWLSLAPALLLGGCDMTLFNPKGQVGMDERTLIITATLLMLIVVIPVIVMTLAFAWKYRASNTQAEYKPDWHHSNRIEAVVWLVPCVIIAILGWITWESTHKLDPYRPLDSEVKPVTIQAVSLDWKWLFIYPEQGIATVNEIAFPKDTPVNFQITSDSVMNSFFIPQLGSQIYSMAGMMTKLHLIANEEGVFDGISANYSGGGFSGMRFKAIATSEQGFQDWVAKVKAAPASLSIGTYPELVKPSENVPPTYFSSVSPELFGHILTKYEHHGDAKGAAHGEHAGAEHEAAMTGHDMQDMDMQAMQGMKDMKDMHMQPSTQE
"gene_1344|GeneMark.hmm|658_aa|+|1429082|1431058	",MFGKLTLSAVPYHEPIVMVTLAVVALLGLGVVGAITYYRKWTYLWTEWLTSVDHKKIGVMYIVVALVMLVRGFADAIMMRGQLALAEGANHGYLPPEHYDQIFTAHGVIMIIFMAMPFMTGLMNLAVPLQIGARDVAFPFLNSLSFWLLVVSAMLVNVSLGLGEFARTGWVAYPPLSELAYSPGVGVDYYIWALQISGMGTLLTGINFLVTVFKMRTPGMKLMQMPIFTWTCTFANILIVASFPILTAALGLLSLDRYLDMHFFTNELGGNAMMYINLFWAWGHPEVYILILPAFGIFSEVTATFAGKRMFGYKSMVWASAAITFLGFTVWLHHFFTMGSGGDVNGFFGVATMLISIPTGVKLFNWLFTIYKGRLRFSTPILWTLGFMVTFTIGGMTGVLLAIPGADFLLHNSLFLIAHFHNTIIGGAVFGYLAGFAFWFPKAFGFTLDEKWGKRSFWCWLVGFYMAFMPLYILGFMGMTRRLNHYDNPLWKPYLVVAFFGAVLIFCGIACQLIQLFVSVRNRKQLADVNGDPWEGRTLEWATSSPPPFYNFAELPKVQDVDAFHDMKKAGTAYRKLPAYQPIHMPKNTAAGFSIAVFAFVFGFAAIWHIWWLMAVGFVGMIGSFIVRSYNQDVDYYVQPEEIEKIESARFQQLAKQV
"gene_1345|GeneMark.hmm|204_aa|+|1431077|1431691	",LNKHLADAHEVGHDHDHAHDSGGNTVFGFWLYLMTDCVLFASVFATYAVLVHHTAGGPSGKDIFELPYVLVETAILLVSSCTYGLAMLSAHKGAKGQAIAWLGVTFLLGAAFIGMEINEFHHLIAEGFGPSRSAFLSSFFTLVGMHGLHVSAGLLWMLVLMAQIWTRGLTAQNNTRMMCLSLFWHFLDIVWICVFTVVYLMGAL
"gene_1346|GeneMark.hmm|111_aa|+|1431691|1432026	",MSSAAHDNHGAGHGSLGSYAIGFVLSVILTAIPFYMVMDGGFSRHATILTMVVLGLVQVVVHLICFLHMNMSSEGRWNVMAFIFTVIVILLVVGLSLWIIFSADMLMMPMP
"gene_1347|GeneMark.hmm|296_aa|+|1432037|1432927	",VKLKRYLLVAKPGIIFGNLIAVAGGYFLAARGSVEPMLLLATVIGLSLVVASGCVLNNCIDRDIDRHMERTRGRVTVTGQISLKAALAHGLVLGVAGFGLLWWRTNPLTTALAGFGYFVYVGLYSLWFKRRSQYGTLVGSLSGAMPPVVGYCAVSGQFDAGAASLLAIFCLWQMPHSYAIAIFRLKDYEAAGIPVLPVARGIAVTKIHIVLYILAFMAATLALCLGGYAGYGYLLVAVAVSLWWLAIALTGYWTADDRVWARKLFAFSIVAITALSVMMSIDFQVAPATHLVASLF
"gene_1348|GeneMark.hmm|732_aa|+|1433166|1435364	",MDRRNEPSPLPTKRPLAPLMLLMAACSSPALAEDAARKDDPLELGADTVTGEQASSRVERSASAKYAVPLLDTPQTVTVVPQKVIQEQNALSLRQVLSNVSGITFNAGEGGGGSGDSINIRGFSANANMQVDGLRDSAQTSRSDLFNLEAVEVIKGPNSVFGGAGTSGGSINMVSKQPKAEAFTHLGAGLGTDRYRRLTLDTNQPLEGLGESTAFRLNLMAHHNDVAGREQIDKQRWGIAPSLTFGLDTPTRLTLSYFHQRDDNLPDYGVPALNGRKLDGVSRHDYFGWRNLDEERIDNDVATLKLEHDFSDDFQLQNLIRYSHLHRDTVISASHVNQKGLPPGRYLPAGPQAYGRDSKTRMWINQTNLTGRFDTFGLAHTLIGGFELSRETYDRTTYSYNLGKFYPANGFDLHNPPGYWNGPTDKRDSARNRTELEVKALYAFDTIALDERWDLSLGLRYDWIDGTSRSTPSGKPTVRADSSDGKLSTRAGLVFKPLENGRVYFSYGTSFNPSAEHLVTTGSGVTEATGGLAPEKNSTYELGTKWEFLGRRLELDAALFQVKKEDARERLADGSYVLAGEQRVRGLELSASGKLNEHWDLFATYTYLDSETLKSSNPQREGQALGNTPPRSLSLWSTYELPEGVTLGYGARYVSQRNVTSVDNGKLDAYWVHNMMLGYQATRDLKLQLNLDNLFDKAYVERVRQVYGNQSRSSAIEYGDGRTAILSAIYAF
"gene_1349|GeneMark.hmm|110_aa|+|1435493|1435825	",MARKNAVKDNLEQIQHQSYSELQELLSEANSMLADSAAFAGDKADSARARIGALLEKANDALGKGGSAVAERSRHAVDATESYIGANPWQTVAITTAVGLLAGFLLGRRS
"gene_1350|GeneMark.hmm|170_aa|+|1435885|1436397	",MLSIKKNLGLLAMTAALAACASNPNDLPDFPEHEYAATQQVGEGVINGDLYLTSASGAIQKGTNTKVALEPATSYMKAYYAKFGNLDAAKRDPDVQPPVLDPRRATYVREATTDQNGRFDFDHIPNGTYYISSELTWSAQSDGKTITEGGTVTKLVTVSGSQPQKVLLTR
"gene_1351|GeneMark.hmm|135_aa|+|1436663|1437070	",MQHQTLQNLVGRADALINAGQFDALMDFYCDDATLVVKPGLNACGKAQIRQAFDAIARHFEHSLRVRQHDLRVIEAGDTALVMAEAVIESKAGRLQRRATYVFRQEADGQWRCAVDNSYGTDLLASVAASAEASR
"gene_1352|GeneMark.hmm|515_aa|+|1437067|1438614	",MSASTLSASKPLLAGYVESILAAPVYDVAVETPLQVAPQLSQRLGNRVLLKREDLQPVFSFKIRGAYTRVARLSDEQKARGVITASAGNHAQGLALAAQRLGVRAVIVMPRTTPELKVKGVLARGGEALLHGDAFPDALAHALQLAEREGMTFVPPYDDPDVIAGQGTVAMEILRQHSGRLDAIFVPVGGGSLIAGIAAYVKHLRPDIRVIGVEPEDSNCLQAALAAGERVVLGQVGLFADGVAVAQIGACNFEVCKDHVDEVITVGSDEICAAIKDIYDDTRSITEPAGALAVAGIKKYVARERTEGQTLVAIDSGANINFDRLRHVAERAELGEQREAIIAVTVAERPGSFKAFCAALGRRQITEFNYRYHSDRQAHLFVGVQTHPLTDSRADLLAGLREQGFPVLDLTDNEMAKLHIRHMVGGHGTEVRRERLFRFEFPERPGALLNFLDKLGSRWNISLFHYRNHGAADGRVLAGLQVPDEERGELEAALQAIGYPYWEETHNPAYRLFAG
"gene_1353|GeneMark.hmm|658_aa|+|1438700|1440676	",MAMRKRNPRRATPEELRVCSVLKEKGTREELAHLAARGEWSNVPAYNASREQIADHLGKSVSPESDASFFDSRRFSEAIVLLKSRPVLLVKNGIFDEAPLAGLEQRLKKHRAALATPIRSVGRLELIDHDSMDWCGTGWRIEDDLIVTNRHVASLFAERQGSLFRFRLNQAGKQVRTRVDFREEYRQPESDEHVIARVLWIAPDVSEAPDMAILQVVKGDLLPPPLVLARQDAEPRQAVAVVGYPARDSRNDAGAMEDIFGNIYDVKRFAPGEVVGLPHDAWYLTHDCSTLGGNSGSAVLSIDGGEVVGLHFGGQFRKTNYAVKASVIRSLLARRAWVPVAGAELKRGVPRFQEKQRSVADLAERKGFDEAFLGPKAALPKPGKSHQVLPVGKGTRLDYLHFSVVMSASRRLPILTAVNIDGALKRSLKRKDSWGFDPRIEAAAQVGHKDFYGPASFDKGHMVRREDPGWGDSDAVARQAEDDTFVYTNAVPQVAQLNQRSWLSLEDYVLQNARSEGFRISVFTGPVFRDDDPLYQGVQVPLEFWKVVAMIDADSGELGVSAYLLGQEGMMPSEGFRYGAFKTYQVPLAKVEASADLRFSSALRKADVLAGTPLEEALESGRFIEIDGPDDLLLSRPGPAGKGPLRFRPAAATRVAVR
"gene_1354|GeneMark.hmm|302_aa|-|1440639|1441547	",MNRRDPLAGLHVFRQVADTGSFTRAAALLGVTPAAVSQAINQLEAELRLKLFHRTTRGVSLSEAGQRYHEQTEQPYRDLVRAREALGESLAEPSGQLRISALHLAKNLVIAPMLNEFVRRYPKVQLEIRYEDQLVDIVRERLDAGIRLADALQPGMVGVQLTAPLACLLVATPAYLAEYGTPASVADLDGHAAVRFRFPRSGRLHKWRLREDGRELEVDLPARFVSTDTEAIIEAARAGAGIAQAFIRERVAADLAAGRLVEVLPGSCLPLPPMWLYYLNRRHVPAKLRAFIELLREWRQPA
"gene_1355|GeneMark.hmm|138_aa|+|1441647|1442063	",MSTHLSLQHAQRCIAAAIAEAQRQRLAVCVAVVDAHANLLAFVRMDDSVPGAIDLAQRKARSAALFRLPSGELGRLAGPGQPLWSIEQSNGGLACFAGGMPLGDAGVSCLGGVGVSGASAAQDQSIAEAAVAMATIQR
"gene_1356|GeneMark.hmm|259_aa|+|1442069|1442848	",MKQKRILVTGAGSGFGREVALRLAARGHRTIAGVRGAGQAADLREEAGRRGVPLRVETLDITVAADRERAWEWDIDVLLNNAGSAEAGASAEIPLELVRALFETNVFANLELTQGFVRRMVEQKRGGKVLFVSSIAGLITGPYTGPYCASKHALEAFAEALHAELKPFGIQVGTINPGPYQTGFNDRMMETWKRWYDPQRHFTDHSGVRFPFEQYDPEEMIARMVELAEADEGPFRTLLPQAFVEVVKDEQAQAWQRRL
"gene_1357|GeneMark.hmm|515_aa|-|1442904|1444451	",MEWIADPTAWLGLATLIVLEIVLGIDNLVFIAILADKLPPHLRDRARVLGLSLALLMRLGLLASISWMVTLTEPLFEVFGKSFSGRDLIMLFGGVFLLFKATMELHERLEGHVAQHAGNKTYALFWPIVAQIVVLDAVFSLDAVITAVGMVEHLEVMMIAVIVSIGLMIVASKPLTRFVNRHPTVIMLCLGFLMMIGFSLTAEGLGFHIPKGYLYAAIGFSILIEVFNQVARKRRKKSLQGHRPLRARTAHAVLRLLGGQRLEADEVGEEVADLFEEGDDQVVFDRRERVMISGVLQLAEKPIRSLMTVRAEVDCIDLDSGREAIRAALLESSYSRLPLVRDGRVEEPLGYVHKKELLKELLAGAQPDLESLARQPLNLLQDCSILNALEQMREASTHVAFVVNEFGEFIGLLTLTDILESIAGELPDASEIDGPDVVEENDGYLVSGAMNLSQVRRRVGFDARATEDYQTLAGLVMSLLDRLPVIGDRLQWQDWELRVVEVEERRVTRVLLRRG
"gene_1358|GeneMark.hmm|243_aa|+|1444777|1445508	",MSTEDFDAITATTLADYQRNAEGFREGTCGHDVSQNVEALLRHIDGSPPYRILDFGCGPGRDLATFRRLGHQPVGLEGTPRFVEMARADSGCEVWQQNFLALRLPAGHFDGIFANASLFHVPGSALPRVLGELFEALRPGGVLFSSNPRGDNREGWNGQRYGAYHDYPAWKRLLEEAGFVELEHYYRPPGLPRDSSPGWRASGGAPSEGARGSAGAACRARCGTGRGASARGRCVPGCRGRRT
"gene_1359|GeneMark.hmm|68_aa|-|1445405|1445611	",MSKSLIVSLAASLVVLTGCANPPRSVERPYSDAEIKSYALDSLERSDLSPKRLDQYRSVLGTPHRQTL
"gene_1360|GeneMark.hmm|370_aa|-|1445806|1446918	",MLFSPYTLGHLTLPNRIVMPPMTRSRAASGEVATALMAEYYSQRAGAGLIVSEGTQISRQGQGYAWTPGIHSAEQVAGWRQVTDAVHAAGGRIFAQLWHVGRVSHTSLQPGNAAPVSSSALVAEGVKVFVDPQGRGAQAGGGEMVQHSAPRALAVEEIREIVADYAQAARNALDAGFDGVELHGANGYLINQFIDSQANARNDQYGGSLENRLRFLREVAEAVTAVVGRERIGVRLAPLTTLQGAVDDTPQATYLAAARLLDEIGVAYIHIAEADWEDAPAMPAAFKEALRIVYRGSLIYSGMYTKARAEEALARGWADLVGFGRPFIANPDLPYRLEHDLALADGDRSTYFGGGAAGYTDYPSLPQAAG
"gene_1361|GeneMark.hmm|441_aa|-|1447226|1448551	",MNEPLSVLIVEDDPHVLLGCQQALELEDIPCIGVGSAEEALQRVDRDFAGIVVSDIRLPGIDGLTLLERLKALDPSLPVVLITGHGDISMAVQAMHAGAYDFMEKPFSPERLVEVARRALEQRGLAREVSALRRQLAGRQDLAQRIIGRSPAIQALRELIANVGDTSANVLILGETGTGKELVARCLHDYSRRHQHAFVALNCGGLPENLFDSEIFGHEAHAFTGANKRRIGKIEHANGGTLFLDEIESMPVNLQIKLLRVLQEHTLERLGSNQSIPVDCRVIAATKADLAAMGKSGQFRSDLYYRLNVVSLELPALRDRREDILLLFEHFLQQSSLRFDRPAPELDRATVASLMAHDWPGNVRELRNVAERFALGLPVFNKGGQAVQTGGPRFAEAVEAFEKALLGDALARHHGNLTQASQDLGMAKTTLFDKVKKYGLQ
"gene_1362|GeneMark.hmm|633_aa|-|1448548|1450449	",MESPDPPCSVPPSLTVKPRLVRQLLLPIPLLLLMLGFGYGGYRISESAGIRALAENGERQLELHARTVESEISKYTYLPSLLELERSVSHLLTDPTPYRRNQVNAYLEGLNRRAGSRAVYLLDTNGRVLATSNWSDPDSYLGEDLSFRAYWQDAMKGKPGRFYGIGSTRGEPGYYLAHGLVHGGRIIGVAVVKVKMDALEERWEKARLEAFVSDENGIIILSSNPALRLKAVRSLSADDKERLARSMQYYWWALNEWQPLQREPLAAGVEKLSFPADEQHPRGEAVTYLAQTRALNDTPWNLTLLSPLEDLRRDAVRNGMLAAIGFALLAFLLIAWNERRKVLATRLAAREALQRANGELEVKIAERTADLQASNARLTAEIHERQQAEDTLRKAQDELVQAGKLAVIGQMSTSIAHELNQPLAALRTLSGNTVRFLQRGKLETASTNLATINELVDRMGRITASLRAFARRSDDAGQASLAKAVDAALLILHGRLEQDPPTLHRHFDDVRLGIDQTRLEQILVNLLANALDAMSGQADRQLWLEGRREEERYVLRVRDNGPGIPPAARVHLFEPFFTTKPGEHGLGLGLTLSASLATAAGGSLSVQHPESGGTAFELSLSLVPDSPTASPAR
"gene_1363|GeneMark.hmm|350_aa|-|1450545|1451597	",MALMLLLPQAAQAKEVAPQQKLSNVVILATGGTIAGAGASAANSATYTAAKVPVDQLLASVPQLKDIANVRGEQVFQIASESFTNENLLELGKTVAKLADSDDVDGIVITHGTDTLEETAYFLTLVEHTEKPIVVVGSMRPGTAMSADGMLNLYNAVAVAGDKSARGKGVLITMNDEILSGRDASKMVNIKTEAFKSPWGPLGMVVEGKSYWFRAPVKRHTVNSEFDIKQISALAPVEIAYSYGNVSDTAYKALAQAGAKAIIHAGTGNGSVPARVVPTLQELRKQGVQIIRSSHVNAGGFVLRNAEQPDDKNDWIVAHDLNPQKARILAAVAMTKTQDSKELQRIFWEY
"gene_1364|GeneMark.hmm|557_aa|-|1451719|1453392	",MQPVLFRTLSLGVAIAAASSSAFAATLDGGAVAAPDEYGAKVAAQILKAGGNAVDAAVATAFTLAVTYPEAGNIGGGGFMTLYMDGKPYFLDYREVAPKAASKTMYLDDKGEVIENLSLVGAKAAGVPGTVMGLWEAHKRFGKLPWSELLTPAIGYAQKGFKVADKQFQYRQDAVALFNGKTNFGDYFGHMKAGEAFLQPDLAKTLERIADKGPDEFYKGHTADLLVAQMQQDKGLITHQDLADYKVRWREPMRVDWQGNTLYTAPLPSSGGIALAQLLGIKENRAADFKGVELNSARYIHLLAEIEKRVFADRADYLGDPDFSKVPVARLTDPAYLKQRAAEVNPTAISPTEKVRPGLEPHQTTHFSIVDADGNAVSNTYTLNWDFGSGVVVKGAGFLLNDEMDDFSAKPGVANAFGVVGSDANAIEPGKRMLSSMSPSIVTRDGKVSLVVGTPGGSRIFTSIFQVLNNIYDFHLPLEKAVAAQRVHHQLLPKDTIYYDAYAPLAGKVAEELKAMGYTLEDQGWNMGDIQAIRVDGKALETASDPRGRGVGLVVKP
"gene_1365|GeneMark.hmm|244_aa|-|1453470|1454204	",MISIKNVSKWYGDFQVLTDCSTEVAKGEVVVVCGPSGSGKSTLIKCVNALEPFQKGDIVVDGTSIADPKTNLPKLRSRVGMVFQHFELFPHLSITENLTIAQIKVLGRSKEEATKKGLALLERVGLKEHAHKHPGQLSGGQQQRVAIARALAMDPVVMLFDEPTSALDPEMVNEVLDVMVQLAHEGMTMMCVTHEMGFARKVANRVIFMDRGQIVEDCEKEEFFGDVSARSERAQQFLAKILPH
"gene_1366|GeneMark.hmm|221_aa|-|1454201|1454866	",MDFSGIVPALPSLWEGMLMTLKLMVLGVLGGVALGTVLALMRLSHSKLLSNIAGFYVNYFRSIPLLLVITWFYFAVPFILRWITGEDTPVGAFTSCLVAFMMFEAAYYCEIVRAGIQAIPKGQMGAAQALGMTYGQTMRLVILPQAFRKMTPLLLQQSIILFQDTSLVYTVGLMDFLNSARSRGDIIGQANEFLIFAGLVYFVVSFTASFAVKRLQKRLTV
"gene_1367|GeneMark.hmm|248_aa|-|1454866|1455612	",MNYNWDWGVFFKSTGIGSETYLDWYIAGLGWTIAIALVGWIIALALGSLLGVMRTVPNRLVSGIATAYVEIFRNVPLLVQLFIWYFLVPDLLPEGLQTWFKQDLNPTTSAYLSVVVCLGLFTAARVCEQVRTGIQALPYGQTSAARAMGFRLPQIYRHVLLPQAFRIIIPPLTSEFLNIFKNSSVASLIGLMELLAQTKQTAEFSANLFEAFTLATLIYFTLNMSLMLIMRLVERKVAVPGLISVGGK
"gene_1368|GeneMark.hmm|302_aa|-|1455815|1456723	",MRIAPSLLSTAIVAALLSAPVVADELTGTLKKIKETGTITLGHRDASIPFSYLGTEPGKPIGYSHDLQLKVVEAVKKELNLPELKVRYNLVTSQTRIPLVQNGTVDIECGSTTNNEERQKQVDFSVGIFEVGTRLLSKKTANIKDFDDLKGKNVVTTAGTTSERLLKAMNADKKMGMNIISAKDHGESFMMLESGRAVAFMMDDALLYGEMAKAKKPDDWVVGGTPQSFEIYGCMVRKGDAAFKKVVDKAITDTYASGEVNKIYDKWFTQPIPPKGLNLNFPMSEELKKLIASPTDKAAEQM
"gene_1369|GeneMark.hmm|152_aa|+|1457175|1457633	",MRYLILSLLAVLAAPAWAADDGDFWYLQTSVYTRHFNPDPEHNNHQDLLGLEYNRADGVLAGGATFRNSFSQRSNYAYLGKRFDSDSYPVYLKLTGGLLQGYRGEYRDKIPLNRFGVAPAIIPSVGVRFGPLGSELVLLGNSAAMINLGLRL
"gene_1370|GeneMark.hmm|264_aa|+|1457729|1458523	",MQIDLSDKLAIVSGSTAGIGFAIASGLAAAGATVVVNGRSQAAVDRAIAAIRNGQPDARVRGVAGDLGTAEGCAAFVAAEPKADILVNNLGIFELKDFFDIEDAEWSRFFEVNVMSGVRLARAYVPGMVERGWGRVVFLSSESALNIPADMIHYGFSKTANLSVSRGLAKRLAGTGVTVNAVLPGPTLTEGVAEMLREDAQKAGQSIEEAGTAFVRQHRSSSIIQRLATPEEVANLVVYTCSTQASATTGAALRVDGGVLDSLA
"gene_1371|GeneMark.hmm|515_aa|+|1458749|1460296	",MTLVEQPRPPALADLGSRLMIVVERREDWASYLPSEEVLTAQEYLEQSARDHGGRRVQVINLCRGYKYLGLGYYCSLLAEARGHRVIPSLRCISELARKSVYGLALGGLDKALDKALCRTPYGATDGFTLTLYFGHTEFEPLADLARQLFEAFPCPILLVEFRRQQGWHIEGVRPGVLNRLRSDQEDVFADALDGFSRRAWRMPRSRRVARYDMAILHDPDEALPPSNPQALANFVRVGASLGIDVELIGRKDYARLAEFDALLIRETTRVDHHTYRFAEKAEREGLVVMDDPASILRCTNKVYLADLLGCRQLGMPLTEILYKERPQDWQRVARRLGFPLVLKIPDGCFSRGVVKVNDDSELLAAASELFERSVLLLAQEFFYTEYDWRIGVLDRQPLYACQYFMSRGHWQIYNHKADGQDVNGECRAVPLEQVPPAVLELALEAAGLIGDGLYGVDLKQAGDKVLVIEVNDNPNIDAGVEDGQLGDELYRRILQAFVQRLELKHRGQLSKALR
"gene_1372|GeneMark.hmm|438_aa|-|1460307|1461623	",LAALDELRQVAPSIPLFLLFRQLRIEQLSSQLLDEAQGCFNLAAGPARFIAERIDSDLREWRAPAGPRRLRDYAPPVPRTPVSARYNGRARLDLAPAKQWRIGSGSTAERLATPLNDLSTAYRKTSAGAPAAHAGDIAEAFRRALWEAAARLAREDGDTWFFEILRGNPGPGIEAGRETPAKRWHGLAETLDSSPRLDPLRVALSAPGLDSRGRPASFGVPAAVVCRYLRRHGIAPLRTGDYRFLLLFPQGARAEHAQPLVDRLCEFKRRHDDDAPLKQVLPELLDSSPLYRYIGLRELCAMIHEASLRLHLTALADAAARAAGHAALAPATVYGHLVRDETEAVAIDRLGGRVVASLVGVHPAATPLLLPGERVAEESPALIDYLLALQAFGEHFPGFAPELQGIEIDERGRYRVRCVRPAALARGSGLRLATRRPD
"gene_1373|GeneMark.hmm|67_aa|+|1461624|1461827	",LCGLVLACRLRDEQEDAGGVRGVAEKIQGDLAAWRLEEPIAAYFQLSTKLGKTIRIIGRVYVGSDEY
"gene_1374|GeneMark.hmm|230_aa|-|1461938|1462630	",MTLLDIEKLLDMTHHMSVHIPIELIISWEQSEEAWSVKDNCLNFVYVNRRYTELITPRFGQKNSLLSPFSASIEEHDKLVIQTGKRIEALALLRPDDHPAPCCLYFERMPLYDRRGNRTGVIAHAKTLTSVAPRGFIATDGIGTFTFTPPSELFTSREWDVIYLLLSGLSEKEIAEQISRSLSTVKFHKSNIFQKVGCSCIGAFKALARQKKWNFYIPPTFASAKYIINH
"gene_1375|GeneMark.hmm|112_aa|+|1463065|1463403	",MSRVLFLLLAMVLAGLGQPTLAAPLPDELPAALPAAPPVAPLPMGSAPQPQPEAAEPDLPGSDAASADGEATTKDGLKIGNGSLRLRQDDPGPTRESPLRDPRLNPYAPRQP
"gene_1376|GeneMark.hmm|116_aa|+|1463586|1463936	",MKYLCLIYFDEAKLAAVPAEELAAIVDECMTYSDQLGKAGHYIASHALQSVQTATTLRHQGGRLAMTDGPFAETKEQLGGFYLIEARDLNQALQIAAKIPPGRLGCVEVRPVKEWE
"gene_1377|GeneMark.hmm|249_aa|+|1464111|1464860	",MNPSLQDHPVSSREQWLDARRRLLAREKQLTRLRDQVAAERRELPWVRVDKDYRFQGERGERSLAELFGGNSQLIVYHFMFAPGWSEGCVGCSFLADHIDGANRHLAHHDVSLVAVSRAPLEEFQAFRRRMGWRFDWYSSYGSDFNRDFGVSFDKAQLAAGSVDYNYQPTPDAGEEMPGASVFLRNPAGEVFHTYSAYARGLDILLTTYTFLDLTPKGRNEDAIMDWLRHHDRYDEAPKSACCHAQASH
"gene_1378|GeneMark.hmm|407_aa|+|1464878|1466101	",LRSRIEALYREESRRVLATLIRLLGDFELAEEALHDAFIAAVEQWPRDGIPRNPRAWLVSAGRFKAIDNLRRRARFDASQRLLAEQLEEQAEAPAEEGDAVEDDRLRLIFTCCHPALTPEAQVALTLREVCDLRTEEIARAFLAAPSAIAQRIVRAKNKIREARIPYQVPTLEELPERLGNVLQVIYLVFNEGYSASTGASLTRADLSGEAIRVGRLLVELLPDPEALGLLALMLLHDSRRQARISASGELVRLDEQDRALWDRGLIVEGLGLVERALASRRVGPYTLQAAIVAVHAQAPRAEDTDWARIVALYDALLYLAPSPVVELNRAVALAMRDGVEVGLAVVDALLARGELADYHLAHSARADFCRRLGRRREAREAYRAALALARQEPERRFIEQRLRELD
"gene_1379|GeneMark.hmm|403_aa|-|1466109|1467320	",MPSSPSSLPSALVLLFAVACGLSVANVYYAQPLLDVLGAEFAIGQAGVGLLFGTTQAGCALALLLVVPLGDLLERRRLMFVQLLLLVLSLLLVGFAGDTLGLALGLLGLGLLGTAMTQGLLAYAAALAAPGERGRVVGAAQGGVVIGLLLARSLAGLLADLGGWRSVYLVSAASMGGLGLLLWRVLPAAPSNELGLTYRQLLGSMFDLLASQRVLQVRGLLGLLMFAAFGVFWSSLVLLLGAPPHSLSHSAIGAFGLVGALGALGAARAGSLADRGHAQALSGGALLLLLLSWLPLALGAHSLAALILGVLLLDLAGQAIHVLNQSLVFAIDPRAHSRLVGCYMLFYAAGSGLGASAGTAMYAWAGWDAVSLLGAAISLAALAFWWFTRGVGGEARTACANGA
"gene_1380|GeneMark.hmm|137_aa|-|1467488|1467901	",MQIVPYLIFNGNCREAFSCYHQHLGGTLEAMLPFGDSPECGDIPADWKDKIMHARLVVGSFALMASDNHPAYPYEGIKGCSISLNVDSKAEAERLFNALAEGGSVQMPLGPTFWAASFGMFTDRFGVAWMVNCEQDR
"gene_1381|GeneMark.hmm|141_aa|-|1467938|1468363	",MRFMVIVKATQASEAGEMPSEELLAAMGRYNEELVKAGVMLAGEGLQPSAKGARVRFSGNARTVIDGPFAETRELIAGFWMFQVASLEEAIEWVKRCPNPFDGESEIEIRQVFEAEDFGEEFTPELREREERLRAELEKRN
"gene_1382|GeneMark.hmm|89_aa|+|1468621|1468890	",MPRIVFAPAIQRHVAMPALDVGAATVAAALQAAFAREPRLRGYLLDDQGSLRRHVALFVDGVQVRDRRGLGDPLQDDSEIYVVQALSGG
"gene_1383|GeneMark.hmm|368_aa|+|1468913|1470019	",VSERLYVGTRKGLFELRRNAAGQWLPMASHFLGEPLSMLLADPRDGALYAALNLGHFGVKLWRRDAGATDWMECAVPVYPPQPPAAEPLEGQAAEPPWSLQQLWILEPGGADRPGTLWAGTIPGGLFRSDDRGASWRLNRELWERPERAQWFGGGYDHPGIHSICVDPRDSRHLTVAVSCGGVWQSHDDGRSWTCTTKGMRADYMPPEQSEEAAIQDPHRLVQCQARPEFLWVQHHNGIFRSRDGGLHWQGVVAEPSSFGFAVAVHPRQPDTAWFVPATKDECRIPRDARFVVTRTRDGGRSFETLERGLPDGPAYDLVYRHGLDIDPSGERLAMGSTTGGLWLSENGGEDWQQLSANLPPIYCVRFA
"gene_1384|GeneMark.hmm|158_aa|+|1470088|1470564	",MSLESVRRFFAEKAPDLRIIELETSTATVALAAEAHGVEPGRIAKTLSLRVGERTVLVVARGDARLDNRKIKAAFGGKAKMLGAEDVVELTGHPVGGVCPFGLATPLAVYCDVSLQAFDEVLPAAGAVHSAVRIAPQRMAELVDAQWVDVCQEVLQEA
"gene_1385|GeneMark.hmm|132_aa|-|1470580|1470978	",MSARVRPFLMFQGVQAEAAMNFYLSLFDDAEILQIQRYGAEGPGPEGSVLKALFRLGDQSVHCIDSHVRHAFDFTPAFSFFVDCESNAQIERLAEALSDGGKALMPLGDYGFSQRFAWLADRFGVSWQLNLA
"gene_1386|GeneMark.hmm|187_aa|-|1471016|1471579	",LPNPTERPSVLEHVSGNVRRLRLQAGLSQEALARAASVSRRMLVGIESGDVNVSLSTLDRIAAALGVLFPDLVQAPATDRSRINAVAWVGHHPESRATLLASAPARREVELWAWSLGPGERYVSEPDAAGWREIVLVIEGRLRLELADGERRIEAGDFHAFASDQPYAYVNDGDGDEVVRFTRNVVS
"gene_1387|GeneMark.hmm|297_aa|+|1471671|1472564	",MTSTSRGLAGTLLPVGLLLIAMASIQSGASLAKSMFPLVGAQGTTALRLFFAALILLLLLRPWRKRLSLQSLRSVVVYGIALGGMNLLFYLSVRTVPLGIAVALEFTGPLLVAILSSRRLLDFLWIGLAVFGIWLLLPLGNSAEPLDLVGAAYALGAGVCWALYILFGQRAGADHGAQGAALGVLVAAILVVPIGVAHAGADLLDPALIPLALGVAVLSTALPYTLEMVALTRLPARTFGTLMSIEPAFGALSGLLFLGERLSPTQWLAIGAIILASVGTTLSVKSRGAAPALPAKD
"gene_1388|GeneMark.hmm|477_aa|-|1472547|1473980	",VNSPALPLSRGLRIRAELKELLTLAAPIMIAQLATTAMGFVDAVMAGRASPHDLAAVALGNSIWIPMFLLMTGTLLATTAKVAQRHGAGDQPGTGPLVRQALWLALLIGPLSGAVLWWLSEPILGLMKVRPELIGPSLLYLKGIALGFPAAALYHVLRCYTNGLGRTRPSMVLGIGGLLLNIPINYALIYGHFGMPKMGGPGCGWATGSVMWFMFLGMLFWVNKASIYRASQLFSRWEWPDRATIGPLVAVGLPIGIAVFAESSIFSVIALLIGGLDENVVAGHQIALNFSALVFMIPYSLGMAVTVRVGHNLGAGLPRDARFAAGVGMAAALGYACVSASLMLLLREQIAAMYSPDPAVIAIAASLIVFSALFQFSDALQVTAAGALRGYQDTRVTMIMTLFAYWGIGLPVGYSLGLTDWFQEPTGPRGLWQGLVVGLTGAAIMLCIRLARSARRFIRQHERLQREDAEAASVLGR
"gene_1389|GeneMark.hmm|107_aa|+|1474391|1474714	",MAKADDTSNPAITAQSPSTFIPLRRTSQCNQHPGCATLYLDSSAASEDLFDTARRRLESAIGTLSVLDLLDETEEPGESICRITGSLLSLLSDALSLFEAEYARRHR
"gene_1390|GeneMark.hmm|174_aa|+|1474943|1475467	",VPFDPAKPTLLSTLVRHYEELVDHVRRRFGDRGMAREVVHDVCVQLLERDEKEDVHTPLALLRKISHDAAVSRYRSDRRRTAWVEAVAELPEVACMAATPMGRHEAEREFQALVDAIATLPPRCQAVFVMHKIHEVPQAQVADRLGISVKTVEKHLRLGLAACRERLGRGEARP
"gene_1391|GeneMark.hmm|280_aa|+|1475464|1476306	",MTQPSKRNGQVPLDDALERHRDALKDLFPLPPSRPKSRKASKAAGVALLLALAIGALAWLDPAYKRERFATAIGERRDVTLADGSQLLLDSGSQIEVSWHPLSRRVALRAGQVLFEVSPARYRRFVVSVGSTDIRVLGTRFNVRRLDDDVRVTLERGRVEVGTSATAQAPVVLLPGQQVDAIGGQLMPLAKVDAATAMAWKDDRLVFERTPLGEAVALLRHYRKAPILLDDPSLASLRLTGVFAAHNVDRLLDLLPSILPVAVSRQEDGSVEIQRKSTRK
"gene_1392|GeneMark.hmm|813_aa|+|1476384|1478825	",VHFSLRSRHLRPSLLASSLLLAVSAQGQEKLDVDLPAAPLGQAINALAQQSSVQILFAGDLGAGRQAPALKGRFTPEEALRQLLRDSGLKAQARDEHTFIVVPASEAAVPATQARSEPLDMEQMEITASRTSSDLVSATRQSTVIEHAQLEELRQGSDSLATVLAKAVPGMSDSSRTITEYGQTLRGRSMLVMVDGVPLNTNRDSSRNLANIDPALIERIEVIRGSSAIYGSGATGGIISITTRPAGGENRAETRLSATSPLTRLGSDGLGGQFQQYFAGSLGALDYSFDFGTRHVGASYDAHGDRIAPEPSQGDLFDSNVYNIGGKLGLRIDENQRVQLALSHYDARQDTDYATDPRVARLPPGSVPANAIKGLELDEQNRIRNTLANLEYENLDILGSRLSAQLYYRDYFTRFTPFDARAVSTRGGNVDQIMQNSEVFGSRLTLRTPLGESGNTELVWGGDYNQERSDMPLDVFDPAAYDASGGLVFDKIGKLTYMPPLRTRSAGAFAQLQHRFDEHWSIDGGLRYEYSTAEFDDFIPLSESKAASPVTVKGGDLDYDAVLSNLGIVYSPVAGQEIYASFSQGFQLPDVGIQLRNARRGFDIGSSNLEPVKTNNYELGWRGAIGGNTLGSLALFYTTSKLGDVQSFNNGLILTRTKERIYGVEASADWLSDDEVWGAGGSATWMRGREKPDGKDWQDMTGYRVPPLKLTAYLQYKPDADWNNRLQATFFDSKDYRLDGVESFGRRQVSTYTTVDLVSQYRITPDDQLSLGIQNLFNRDYYPLYSQLLRNNNNTSHLPAPGTVLTASYTHNW
"gene_1393|GeneMark.hmm|256_aa|-|1479021|1479791	",MSFDPFGDFETTGYLRNSLGLKDPAEVKENEHFSFEMGLDEALSYLERTKNLNYQALLQVHRLLFEKFYPWAGRDRLELVPHLSVWKGPKGAPRRTFFESPAMIERAVDYALSLASKKQGFMQKPGEVMGLLCFAHPFLDGNGRSILLFYMELSYRAGFAIDWASTRKDDYLQALDDEIHNPGKGHLDRYLVPFVVPIHSRDQWPEIIGQINGLDGMDGENITYENLDDPEVQKVYAAYHAEHPYPAKDGTPDSEP
"gene_1394|GeneMark.hmm|86_aa|-|1479788|1480048	",MKKSKGLVATEIQRLAQANGVSAERDGLSRMALTITCLAGDSVSLDSVEQMLINLKRKGALSKSQAFDLQRRYVIEKRKAKEIPGG
"gene_1395|GeneMark.hmm|278_aa|-|1480215|1481051	",MPVSLPFEQVDVFSEQPFKGNAVAVVIGADRLSSQQMLEFAAWTQLSETTFLLRPTVAEADYRVRIFTPLRELPFAGHPTLGSCQVWLNQGGGNAADEIVQECLAGLIRIRRKGALLSFAAPPLLRGGAVEDEVLRRIESGLGLSPGQVLGSQWVDNGPGWVAVRLATRDEVLAIRPDYAKLDGLNVGVVAPWQGPQAEADVEVRAFMGEELNEDPVTGSLNASLAQWLIGTGVMPGRYTASQGTALGRRGRISVEQIGGDIWIGGEVQPGMSGQVVF
"gene_1396|GeneMark.hmm|474_aa|-|1481334|1482758	",MKRFIQGEHRGQCTLLPERLDDYVADTNPVRVVDVFVDELDLGRLGFGGVVPAETGRPAYHPAVLLKICIYGYLNRIQSSRRLEREAQRNVELMWLTGRLMPDFKTIANFRKDNGKAIRGVCRQFVVLCQQLSLFSEALVAIDGSKFKAVNIRDRNFTSAKLQRRMEEIESCISRYLTALDTADRQEPAVARAKSERLHSKIAALKMQELRDIEVQLEATPDKQISLTDPDAHSMMTRGTSMVGYNVQAAVEAKHHLIVTHEVTNNGIDRDQLSAMAKQAWVAMGTQSLSVVADRGYFKGEEILSCHEAGITTFVPKAKTSGAAAAGRFGRDDFIYDTAQNEYRCPAGERLIWRFATVEKGLKLHRYWNSNCQGCALKDQCTPSAQRRVSRWEHESVLNAVQSRLDQAPEMMRIRRQTVEHPFGTLKAWMGATHFLTKTLNRVSTEMSLHVLAYNFKRVLNLLGNSALIAAMKA
"gene_1397|GeneMark.hmm|250_aa|+|1483123|1483875	",MNQEQLASVNLKIGNCDFKGAADEMLAIAKSLSESGSESLSDFLASYAHGLAGRKSDTSKFSQSLKDKIERGEKDLSDKGDQVNTLMHEVYGYFLEFEKISILQNALLLRPMFFRLENRENFPFIEKFVNGSDTYITGENFYEVFKKQINFYLNLSAYGEKSVLHIGQRKTNIAKGKYWKFVELSGQYKQKISCLDRVQVLLDEQESLEKELTGLRSKLRSNNAAAHLSQSEFNRDLESFMTGLATEETK
"gene_1398|GeneMark.hmm|609_aa|+|1483934|1485763	",MDLATLDDFARINPASIMAMSNSLHFHTLEHTFREAAQTAKNAGDVAAFRAFNVLAVVCSYHFNPSRPDTFSPQIIFKGKRTLIPSDYLGEQQGILVQIAEQIDHPLLRARIADSCWHVNRRLHAVAALAASSYLNAVELFFKRELLDQYESDFAVPFKVVDLIDRAFAIYALAGKQKEIPESAKDVLKLAYETAKDNECLVAFVKLSSIAQTCGLLEWQDIAGAAEAIANATKDKLYADAVKRVWLQAARAYLKMDDKESAVRCRVNAVEQTLRMRDAVSSAMAKASWTRSAIGELRAIGGMAVRVESLKIELQQYEEDSLSEFGSFSVPVDLTDERQATIEEFESLDVHEMLLRLAFTCRAPEKIALHKNCLEKREKYFFSSMSGKSYADERGKVIATAPPVPLGSQPPEEWFAHESLSEAGLHYHIATEAFIRPACITMSRCQLIDERHFEPIVCSSGFVPPGFEAIFSQGFSKLVQGDMVSAAHMLIPQLENALRHVLNNRRSNTAKLNVDLTQEDQSLKQLLSNYWREIEQVFGVDNTYLFHILFNLKGGPMLRHEVAHGKLSTAQCYEPSCIYACWFIFHLTCVPLAPQWNSVMAGAIQENAS
"gene_1399|GeneMark.hmm|53_aa|-|1486960|1487121	",MPDISEIDLIQRDLSKRSIKAKKIRNEYIQKLKDEGFTEDEIADILSLEEKDE
"gene_1400|GeneMark.hmm|32_aa|-|1489396|1489494	",LLIAHEGELCVMELMLAGRMIQPPVNRHAAYN
"gene_1401|GeneMark.hmm|422_aa|-|1489815|1491083	",MSKRIVVTGMGAVSPLGCGVEPIWQRLLAGQSGIATLPAELIGDLPISIGGQVPDRARDPQAGFDPDLLLAAKEQRKMDRFILFALAAAQEALAQAGWAPQSAEAQERTATVIASGVGGFHAIAEAVRTTDGKGPRRLSPFTIPSFLCNMAAAHVSIRHGFKGPLGAPVTACAAGVQAIGDAARMIRAGEVDVALCGGAEATIHRVSLAGFAAARALSSDFNDSPERASRPFDQARDGFVMGEGAGLLVIEELEHALARGARPIAELVGYGTSADAYHMTAGPEDGSGARRAMQQALRQAGVEAAAVQHLNAHATSTQVGDKGELAAIKAVFGAGSGLAISATKSATGHLLGAAGGIEAIFTVLALRDQLAPATLNLETPDTDAEGLDLVRGEARRWPMEHALSNGFGFGGVNASLLFRRWV
"gene_1402|GeneMark.hmm|168_aa|+|1491192|1491698	",MQRKTFADAECPIARSLERVGEWWSILIMRDALQGLRRFDEFSRSLDIAPNMLTRRLNALVEAGLLERQPYSQRPLRYQYVPTAKGEDFRVVLMAFVAWGNRHYAEEGQSVQLVERTSGRPVRSFMAALADGRTVPLEQCTVQAGPAASEEMRQRLAAMPERSELPAR
"gene_1403|GeneMark.hmm|380_aa|+|1491913|1493055	",MRILADENIPVVDAFFADQGSIRRLPGRAIDRAALAEVDVLLVRSVTEVSRAALAGSPVRFVGTCTIGTDHLDLDYFAEAGIAWSSAPGCNARGVVDYVLGCLLAMAEVRGADLAERTYGVVGAGQVGGRLVEVLRGLGWKVLVCDPPRQAREPDGEFVSLERLLAEADVISLHTPLNRDGEHPTRHLLDEPRLAALRPGTWLVNASRGAVVDNQALRRLLEGGADLEVALDVWEGEPQADPELAARCLIATPHIAGYSLEGKLRGTAQIYQAYCAWRGIAERVSLQDVLPETWLAGLQLNPGCDPAWALATLCRAVYDPRSDDAAFRRSLTGDSATRRAAFDALRKHYPPRREITGLRVATGGQAELQRVVRALGAQLV
"gene_1404|GeneMark.hmm|577_aa|-|1493090|1494823	",MVQSAPASEIAALILRGFDDYREQFREITDGARARFEQAQWQEAQRASAQRINLYEEKVAETVAGLRAGLADSELLDVERWPIIKSAYIAQIDLRLDDELAETWFNSIFCGLFSHDNISDGTMFVHTTRPSLRAHARAPYTRTYRPGGDLRQALEKIFDDYRFDVPYDDRERDLERIDALLHSNLPDWVCKDPDLAIELIGSVFYRNKGAYLVGRLFTPDEQWPLVFPLLHREDHGIQFDTVITDEAEVSIIFSFTRSYFMVDVPVPAELVAFLKRLLPGKHLAELYTSIGFYKQGKSEFYRALINHLATTDDRFVMAPGVRGMVMSVFTLPGFNTVFKIIKDRFNPSKSVDHATVIQKYQLVKNHDRVGRLADTQQFADFRFPVSKFEPECLAELLEVAPSTVVMEGDVVLIRHCWTERRMTPLNIYLENASEAQTREALNDYGLAIKQLAAANIFPGDMLLKNFGVTRHGRVVFYDYDEICYLTEVNFRYIPEPRFPEDEMSSEPWYSVGPNDVFPEEFPRFLFVDLNQRRLFAKLHGNLYDAKYWQGLQEQIREGKVIDVFPYRRQETPEQLLG
"gene_1405|GeneMark.hmm|177_aa|+|1494959|1495492	",MTAESPTIRLERYSERHVEGLTALYNDPAVARQVLQMPYQSVEQRRKRLHDSADDDRLLILVALHQGDVIGSASLEQHPRIRRSHSGSIGMGVAVAWQGKGVGSRLLGELLDIADNWMNLRRVELTVYTDNAPALALYRKFGFETEGEMRDYAVRDGRFVDVYSMARLRRVEGRVGE
"gene_1406|GeneMark.hmm|49_aa|+|1495489|1495638	",VRGGRDERLRTGATSWLAGLPFHDRFVLGFGHTVTVDKQRGCYLGGEGA
"gene_1407|GeneMark.hmm|120_aa|+|1495635|1495997	",VTKDPATDSGLNVRLVAAFAGWKGIPWLCWAHSDLSPRLVLHADRVEFRVIRTRSKPYSSISRVDYRKWHYTENIVLEFTDSLTTFIGNTMNPATARQAIRYLQEKGCPLSERASNLAMA
"gene_1408|GeneMark.hmm|277_aa|-|1496087|1496920	",MSFRKTLLITGASSGFGQALAREALDAGHRVVGTVRSEEARSALEAVAPGQAFGRLLDVTDLAAIEPTVAAIERDIGPLDVLVNSAGYGHEGILEESPLAEMRRQFEVNLFGAVAMIQAVLPYMRRRRRGHILNITSMGGYITMPGIAYYCGSKFALEGVSEALGKEVAGLGIAVTAVAPGSFRTDWAGRSMVRSPRTIADYDALFDPVRQARQEKSGKQPGDPRKAARAMLQAIDAENPPAHLLLGSDALGLVRQKLKALEEEIAAWEEVTRSTDG
"gene_1409|GeneMark.hmm|303_aa|+|1497066|1497977	",MVALLENLAPQEGYNLTGLDCVRLLRSDRPLARTPVLYDPGIVIVCQGRKRGYFGEQIYLYDEQHYLAVAVPVPFTMETDATPERPLLAIYLHLDFPLAAGLAVEIDRQRALAQVEAPRSLMSSPMDAPLRASVLRFLEALGDPLETAILAPALLRELYFRVLTGPQGGAMRAALAMRGRFGNIARALRRIHAQYAEPLELAQLAGEAGMSVPSFHSHFKAITQTSPMQYLKCTRLHQARLLMVRQGMSAQAACHAVGYASASQFNREFKRLFGRSPLAEARRLRAGFSLPPAQGEAEYVSSH
"gene_1410|GeneMark.hmm|102_aa|+|1498521|1498829	",MSWWGRTVDEEREAESKRVSVGVDGVALIKVDWLLRGIVRDEGGIFALVAKSAEGPLRRFAAGATLPGGERLESITEQGIRFSFSQDGNTQGFERKLYAPLP
"gene_1411|GeneMark.hmm|759_aa|+|1498813|1501092	",MHPCHRPSFAFLRHPLSIVVCLALLAGCSTSPLQFPEPLLAKSEKAKATEGVALVSDDGKKAPASLAVPKTEFSGTPTSPRSIVGGVVDRMDKAILDDKKADISLNVEDVQLAAFINEVFGNILGLPFEIESALKEKTDRVTVRLEQPQTAQMVYEVARQVLVNYGVEILHQGDIYRFQIKQVGLSPDEPPILISGEARPSVPIAYRPVFQFVALHSVDPKDVIPWLNSAYEKSGLSVMADGARSGLMLKGMSSIVNQATEAVRLLDQPFMRGRHSLRIDPAFVSAADMASQLKTVIAAQGYSVGIGEAVGSIMLVPLESSNGLIVFANDGQLLDLVREWAQQVDRAPMAVAAGIGEEKEGLFFYEARNTRVTELAKSLRALVSGFAGEGAYGITSGLQSSASKRSGGGRRAGDDGAAPAVAPLLQAAGAAALVGGDGANGLLGGLAAGISGSGTIVEDENRNAILFRGAARTWQQMQGLLREMDKPARQVLIEVTVASVSLSDTQELGVEWEMLNGSFNSATSTGSKGSAGKGGFNYVINTAGGNTAAIQAMADNQRVRVLATPRILVKSGEQANINVGRDIPIPTAQVNDDSTTAGSTNLRNEIAYRSTGTILNVAPVVYSDSRVDLTVSQELSDSGGSSGGGGKASGGGISAPEISRTSLETSLTLKSGGSVLMGGLIRDNITDSNAGVPLLKDIPGIGFLFGRQKAVKTREEVIMLIQPYVLESDADAREVTEKLHAMLSKTLACSDRPGACRME
"gene_1412|GeneMark.hmm|544_aa|+|1501782|1503416	",VENGANLDSKAANITLAQEIFGNKSEETTFDLPSVTYTIDPVKAGNAAAGHTIKLTLGRTVVRFAKAVTANQIKIGALAAGSGFVITSGTGATDNTLELRLDQAGADMIKQTATGGNVVFFNFREPSSQDSQPAKVTNMRAPLQGDATFVAGSWNPKVSLQNDPLNELRFQVTVSAQFDTTTGADAGNPANNDSAPPLTIFTSLPAVYWDVLNTNQYGQNRVLHPLNLNNQDRSFDTTVSVGGDNTDYYGANYARLGAVRLGINTDVLNEAGRTVFGFAGGDKVTSTLSGNFNGISDIGLTTGNCSAFAANPGSAAKLWNSAAIEGVVDAQGNGTLPVSFDNSNINQTYNVCVKASGTVPMQALQRFDVGDLKVDFENVRYVDRTIAGNRLDEFWKNSCVASLFNLPGSNVSDQFFIRLTNTSDDGRDGKVRGVLFDQNGKRYPATGSTYLTDSSGKTALKAHETGVYTVTEVAKAFGIDGTNWNGANGRARLVLEGEFPTCEALGLIRSANGTITNMTSTTQGNFNEDGSSTSENHKAGNNRN